No.,Player,Pos,Ht,Wt,Birth Date,,Exp,College,Player-additional
8,Nemanja Bjelica,C,6-10,234,May 9 1988,rs,6,,bjeline01
2,Chris Chiozza,PG,5-11,175,November 21 1995,us,3,Florida,chiozch01
30,Stephen Curry,PG,6-2,185,March 14 1988,us,12,Davidson,curryst01
21,Jeff Dowtin,PG,6-3,185,May 10 1997,us,R,Rhode Island,dowtije01
23,Draymond Green,PF,6-6,230,March 4 1990,us,9,Michigan State,greendr01
9,Andre Iguodala,SF,6-6,215,January 28 1984,us,17,Arizona,iguodan01
00,Jonathan Kuminga,SF,6-8,210,October 6 2002,cd,R,,kuminjo01
1,Damion Lee,SG,6-5,210,October 21 1992,us,4,Drexel Louisville,leeda03
5,Kevon Looney,C,6-9,222,February 6 1996,us,6,UCLA,looneke01
4,Moses Moody,SG,6-6,205,May 31 2002,us,R,Arkansas,moodymo01
0,Gary Payton II,SG,6-3,190,December 1 1992,us,5,Oregon State,paytoga02
3,Jordan Poole,SG,6-4,194,June 19 1999,us,2,Michigan,poolejo01
32,Otto Porter Jr.,PF,6-8,198,June 3 1993,us,8,Georgetown,porteot01
11,Klay Thompson,SG,6-6,215,February 8 1990,us,8,Washington State,thompkl01
95,Juan Toscano-Anderson,SF,6-6,209,April 10 1993,us,2,Marquette,toscaju01
12,Quinndary Weatherspoon,SG,6-3,205,September 10 1996,us,2,Mississippi State,weathqu01
22,Andrew Wiggins,SF,6-7,197,February 23 1995,ca,7,Kansas,wiggian01
6,Jaylen Adams,PG,6-0,225,May 4 1996,us,2,St. Bonaventure,adamsja01
34,Giannis Antetokounmpo,PF,7-0,242,December 6 1994,gr,7,,antetgi01
43,Thanasis Antetokounmpo,SF,6-6,219,July 18 1992,gr,2,,antetth01
12,D.J. Augustin,PG,5-11,183,November 10 1987,us,12,Texas,augusdj01
3,Elijah Bryant,SG,6-5,210,April 19 1995,us,R,Elon University BYU,bryanel01
24,Pat Connaughton,SG,6-5,209,January 6 1993,us,5,Notre Dame,connapa01
3,Torrey Craig,SF,6-7,221,December 19 1990,us,3,USC Upstate,craigto01
25,Mamadi Diakite,PF,6-9,228,January 21 1997,gn,R,Virginia,diakima01
0,Donte DiVincenzo,SG,6-4,203,January 31 1997,us,2,Villanova,divindo01
7,Bryn Forbes,SG,6-2,205,July 23 1993,us,4,Michigan State,forbebr01
21,Jrue Holiday,PG,6-3,205,June 12 1990,us,11,UCLA,holidjr01
44,Justin Jackson,SF,6-8,220,March 28 1995,us,3,UNC,jacksju01
00,Rodions Kurucs,SF,6-9,228,February 5 1998,lv,2,,kurucro01
11,Brook Lopez,C,7-0,282,April 1 1988,us,12,Stanford,lopezbr01
15,Sam Merrill,SG,6-4,205,May 15 1996,us,R,Utah State University,merrisa01
22,Khris Middleton,SF,6-7,222,August 12 1991,us,8,Texas A&M,middlkh01
13,Jordan Nwora,SF,6-8,225,September 9 1998,us,R,Louisville,nworajo01
9,Bobby Portis,C,6-10,250,February 10 1995,us,5,Arkansas,portibo01
5,Jeff Teague,PG,6-3,195,June 10 1988,us,11,Wake Forest,teaguje01
66,Axel Toupane,SF,6-7,197,July 23 1992,fr,2,,toupaax01
17,P.J. Tucker,PF,6-5,245,May 5 1985,us,9,Texas,tuckepj01
5,D.J. Wilson,PF,6-10,231,February 19 1996,us,3,Michigan,wilsodj01
37,Kostas Antetokounmpo,PF,6-10,200,November 20 1997,gr,1,Dayton,antetko01
11,Avery Bradley,SG,6-3,180,November 26 1990,us,9,Texas,bradlav01
12,Devontae Cacok,C,6-7,240,October 8 1996,us,R,UNC Wilmington,cacokde01
1,Kentavious Caldwell-Pope,SG,6-5,204,February 18 1993,us,6,Georgia,caldwke01
4,Alex Caruso,PG,6-4,186,February 28 1994,us,2,Texas A&M,carusal01
2 28,Quinn Cook,PG,6-1,180,March 23 1993,us,3,Duke,cookqu01
30,Troy Daniels,SG,6-4,200,July 15 1991,us,6,VCU,danietr01
3,Anthony Davis,PF,6-10,253,March 11 1993,us,7,Kentucky,davisan02
10,Jared Dudley,PF,6-6,237,July 10 1985,us,12,Boston College,dudleja01
14,Danny Green,SG,6-6,215,June 22 1987,us,10,UNC,greenda02
5,Talen Horton-Tucker,SG,6-4,234,November 25 2000,us,R,Iowa State,hortota01
39,Dwight Howard,C,6-10,265,December 8 1985,us,15,,howardw01
23,LeBron James,PG,6-9,250,December 30 1984,us,16,,jamesle01
0,Kyle Kuzma,PF,6-9,221,July 24 1995,us,2,Utah,kuzmaky01
7,JaVale McGee,C,7-0,270,January 19 1988,us,11,Nevada,mcgeeja01
88,Markieff Morris,PF,6-9,245,September 2 1989,us,8,Kansas,morrima02
21,Zach Norvell,SG,6-5,206,December 9 1997,us,R,Gonzaga,norveza01
9,Rajon Rondo,PG,6-1,180,February 22 1986,us,13,Kentucky,rondora01
21,J.R. Smith,SG,6-6,225,September 9 1985,us,15,,smithjr01
18,Dion Waiters,SG,6-3,215,December 10 1991,us,7,Syracuse,waitedi01
3,OG Anunoby,SF,6-7,232,July 17 1997,gb,1,Indiana,anunoog01
25,Chris Boucher,PF,6-9,200,January 11 1993,lc,1,Oregon,bouchch01
4,Lorenzo Brown,PG,6-5,189,August 26 1990,us,4,NC State,brownlo01
33,Marc Gasol,C,6-11,255,January 29 1985,es,10,,gasolma01
14,Danny Green,SG,6-6,215,June 22 1987,us,9,UNC,greenda02
9,Serge Ibaka,C,6-10,235,September 18 1989,cg,9,,ibakase01
2,Kawhi Leonard,SF,6-7,225,June 29 1991,us,7,San Diego State,leonaka01
17,Jeremy Lin,PG,6-3,200,August 23 1988,us,8,Harvard University,linje01
7,Kyle Lowry,PG,6-0,196,March 25 1986,us,12,Villanova,lowryky01
8,Jordan Loyd,PG,6-4,210,July 27 1993,us,R,Furman University University of Indianapolis,loydjo01
1,Patrick McCaw,SG,6-7,181,October 25 1995,us,2,UNLV,mccawpa01
20,Jodie Meeks,SG,6-4,210,August 21 1987,us,9,Kentucky,meeksjo01
0,C.J. Miles,SF,6-6,220,March 18 1987,us,13,,milescj01
13,Malcolm Miller,SF,6-7,210,March 6 1993,us,1,Holy Cross,millema01
15,Greg Monroe,C,6-11,265,June 4 1990,us,8,Georgetown,monrogr01
15,Eric Moreland,PF,6-10,238,December 24 1991,us,3,Oregon State,moreler01
24,Norman Powell,SG,6-3,215,May 25 1993,us,3,UCLA,powelno01
22,Malachi Richardson,SG,6-6,205,January 5 1996,us,2,Syracuse,richama01
43,Pascal Siakam,PF,6-9,230,April 2 1994,cm,2,New Mexico State,siakapa01
17,Jonas Valančiūnas,C,6-11,265,May 6 1992,lt,6,,valanjo01
23,Fred VanVleet,PG,6-1,197,February 25 1994,us,2,Wichita State,vanvlfr01
55,Delon Wright,PG,6-5,185,April 26 1992,us,3,Utah,wrighde01
2,Jordan Bell,C,6-8,216,January 7 1995,us,R,Oregon,belljo01
25,Chris Boucher,PF,6-9,200,January 11 1993,lc,R,Oregon,bouchch01
18,Omri Casspi,SF,6-9,225,June 22 1988,il,8,,casspom01
4,Quinn Cook,PG,6-1,180,March 23 1993,us,1,Duke,cookqu01
30,Stephen Curry,PG,6-2,185,March 14 1988,us,8,Davidson,curryst01
35,Kevin Durant,SF,6-10,240,September 29 1988,us,10,Texas,duranke01
23,Draymond Green,PF,6-6,230,March 4 1990,us,5,Michigan State,greendr01
9,Andre Iguodala,SF,6-6,215,January 28 1984,us,13,Arizona,iguodan01
15,Damian Jones,C,6-11,245,June 30 1995,us,1,Vanderbilt,jonesda03
34,Shaun Livingston,PG,6-7,192,September 11 1985,us,12,,livinsh01
5,Kevon Looney,C,6-9,222,February 6 1996,us,2,UCLA,looneke01
0,Patrick McCaw,SG,6-7,181,October 25 1995,us,1,UNLV,mccawpa01
1,JaVale McGee,C,7-0,270,January 19 1988,us,9,Nevada,mcgeeja01
27,Zaza Pachulia,C,6-11,270,February 10 1984,ge,14,,pachuza01
11,Klay Thompson,SG,6-6,215,February 8 1990,us,6,Washington State,thompkl01
3,David West,C,6-9,250,August 29 1980,us,14,Xavier,westda01
6,Nick Young,SG,6-7,210,June 1 1985,us,10,USC,youngni01
22,Matt Barnes,SF,6-7,226,March 9 1980,us,13,UCLA,barnema02
21,Ian Clark,SG,6-3,175,March 7 1991,us,3,Belmont,clarkia01
30,Stephen Curry,PG,6-2,185,March 14 1988,us,7,Davidson,curryst01
35,Kevin Durant,PF,6-10,240,September 29 1988,us,9,Texas,duranke01
23,Draymond Green,PF,6-6,230,March 4 1990,us,4,Michigan State,greendr01
9,Andre Iguodala,SF,6-6,215,January 28 1984,us,12,Arizona,iguodan01
15,Damian Jones,C,6-11,245,June 30 1995,us,R,Vanderbilt,jonesda03
34,Shaun Livingston,PG,6-7,192,September 11 1985,us,11,,livinsh01
5,Kevon Looney,C,6-9,222,February 6 1996,us,1,UCLA,looneke01
20,James Michael McAdoo,PF,6-9,230,January 4 1993,us,2,UNC,mcadoja01
0,Patrick McCaw,SG,6-7,181,October 25 1995,us,R,UNLV,mccawpa01
1,JaVale McGee,C,7-0,270,January 19 1988,us,8,Nevada,mcgeeja01
27,Zaza Pachulia,C,6-11,270,February 10 1984,ge,13,,pachuza01
11,Klay Thompson,SG,6-6,215,February 8 1990,us,5,Washington State,thompkl01
18,Anderson Varejão,C,6-11,273,September 28 1982,br,12,,varejan01
2,Briante Weber,PG,6-2,165,December 29 1992,us,1,VCU,weberbr01
3,David West,C,6-9,250,August 29 1980,us,13,Xavier,westda01
9,Jared Cunningham,SG,6-4,195,May 22 1991,us,3,Oregon State,cunnija01
8,Matthew Dellavedova,PG,6-3,200,September 8 1990,au,2,Saint Mary's,dellama01
9,Channing Frye,C,7-0,255,May 17 1983,us,9,Arizona,fryech01
12,Joe Harris,SG,6-6,220,September 6 1991,us,1,Virginia,harrijo01
2,Kyrie Irving,PG,6-2,195,March 23 1992,au,4,Duke,irvinky01
23,LeBron James,SF,6-9,250,December 30 1984,us,12,,jamesle01
24,Richard Jefferson,SF,6-7,233,June 21 1980,us,14,Arizona,jefferi01
30,Dahntay Jones,SF,6-6,225,December 27 1980,us,11,Rutgers University Duke,jonesda02
1,James Jones,SF,6-8,218,October 4 1980,us,12,Miami (FL),jonesja02
14,Sasha Kaun,C,6-11,260,May 8 1985,ru,R,Kansas,kaunsa01
0,Kevin Love,PF,6-8,251,September 7 1988,us,7,UCLA,loveke01
12,Jordan McRae,PG,6-5,179,March 28 1991,us,R,Tennessee,mcraejo01
20,Timofey Mozgov,C,7-1,275,July 16 1986,ru,5,,mozgoti01
4,Iman Shumpert,SG,6-5,215,June 26 1990,us,4,Georgia Tech,shumpim01
5,J.R. Smith,SG,6-6,225,September 9 1985,us,11,,smithjr01
13,Tristan Thompson,PF,6-9,254,March 13 1991,ca,4,Texas,thomptr01
17,Anderson Varejão,C,6-11,273,September 28 1982,br,11,,varejan01
52,Mo Williams,PG,6-1,198,December 19 1982,us,12,Alabama,willima01
19,Leandro Barbosa,SG,6-3,194,November 28 1982,br,11,,barbole01
40,Harrison Barnes,SF,6-8,225,May 30 1992,us,2,UNC,barneha02
12,Andrew Bogut,C,7-0,260,November 28 1984,au,9,Utah,bogutan01
30,Stephen Curry,PG,6-2,185,March 14 1988,us,5,Davidson,curryst01
31,Festus Ezeli,C,6-11,255,October 21 1989,ng,1,Vanderbilt,ezelife01
23,Draymond Green,PF,6-6,230,March 4 1990,us,2,Michigan State,greendr01
7,Justin Holiday,SG,6-6,180,April 5 1989,us,1,Washington,holidju01
9,Andre Iguodala,SF,6-6,215,January 28 1984,us,10,Arizona,iguodan01
1,Ognjen Kuzmić,C,7-1,251,May 16 1990,ba,1,,kuzmiog01
10,David Lee,PF,6-9,245,April 29 1983,us,9,Florida,leeda02
34,Shaun Livingston,PG,6-7,192,September 11 1985,us,9,,livinsh01
20,James Michael McAdoo,PF,6-9,230,January 4 1993,us,R,UNC,mcadoja01
4,Brandon Rush,SG,6-6,220,July 7 1985,us,6,Kansas,rushbr01
5,Marreese Speights,C,6-10,255,August 4 1987,us,6,Florida,speigma01
11,Klay Thompson,SG,6-6,215,February 8 1990,us,3,Washington State,thompkl01
11,Jeff Ayres,PF,6-9,240,April 29 1987,us,3,Arizona State,pendeje02
16,Aron Baynes,C,6-10,260,December 9 1986,nz,1,Washington State,baynear01
3,Marco Belinelli,SF,6-5,220,March 25 1986,it,6,,belinma01
15,Matt Bonner,PF,6-10,235,April 5 1980,us,9,Florida,bonnema01
1,Shannon Brown,SG,6-4,205,November 29 1985,us,7,Michigan State,brownsh01
23,Austin Daye,SF,6-11,220,June 5 1988,us,4,Gonzaga,dayeau01
25,Nando De Colo,SF,6-5,200,June 23 1987,fr,1,,decolna01
33,Boris Diaw,PF,6-8,250,April 16 1982,fr,10,,diawbo01
21,Tim Duncan,C,6-11,250,April 25 1976,vi,16,Wake Forest,duncati01
20,Manu Ginóbili,SG,6-6,205,July 28 1977,ar,11,,ginobma01
4,Danny Green,SG,6-6,215,June 22 1987,us,4,UNC,greenda02
7,Damion James,SF,6-7,225,October 7 1987,us,3,Texas,jamesda01
7,Othyus Jeffers,SG,6-5,200,August 5 1985,us,2,University of Illinois at Chicago Robert Morris University (IL),jeffeot01
5,Cory Joseph,SG,6-3,200,August 20 1991,ca,2,Texas,josepco01
2,Kawhi Leonard,SF,6-7,225,June 29 1991,us,2,San Diego State,leonaka01
8,Patty Mills,PG,6-1,180,August 11 1988,au,4,Saint Mary's,millspa02
9,Tony Parker,PG,6-2,185,May 17 1982,be,12,,parketo01
22,Tiago Splitter,C,6-11,245,January 1 1985,br,3,,splitti01
24,Malcolm Thomas,PF,6-9,225,November 8 1988,us,2,Pepperdine San Diego State,thomama01
34,Ray Allen,SG,6-5,205,July 20 1975,us,16,UConn,allenra02
11,Chris Andersen,C,6-10,245,July 7 1978,us,10,Blinn College,anderch01
50,Joel Anthony,C,6-9,245,August 9 1982,ca,5,UNLV,anthojo01
31,Shane Battier,SF,6-8,220,September 9 1978,us,11,Duke,battish01
1,Chris Bosh,C,6-11,235,March 24 1984,us,9,Georgia Tech,boshch01
15,Mario Chalmers,PG,6-2,190,May 19 1986,us,4,Kansas,chalmma01
30,Norris Cole,PG,6-2,175,October 13 1988,us,1,Cleveland State University,coleno01
55,Josh Harrellson,C,6-10,275,February 12 1989,us,1,Kentucky,harrejo01
14,Terrel Harris,SG,6-5,190,August 10 1987,us,1,Oklahoma State,harrite01
40,Udonis Haslem,PF,6-8,235,June 9 1980,us,9,Florida,hasleud01
5,Juwan Howard,PF,6-9,240,February 7 1973,us,18,Michigan,howarju01
6,LeBron James,PF,6-9,250,December 30 1984,us,9,,jamesle01
22,James Jones,SF,6-8,218,October 4 1980,us,9,Miami (FL),jonesja02
9,Rashard Lewis,PF,6-10,215,August 8 1979,us,14,,lewisra02
13,Mike Miller,SF,6-8,218,February 19 1980,us,12,Florida,millemi01
45,Dexter Pittman,C,6-11,308,March 2 1988,us,2,Texas,pittmde01
24,Jarvis Varnado,PF,6-9,230,March 1 1988,us,R,Mississippi State,varnaja01
3,Dwyane Wade,SG,6-4,220,January 17 1982,us,9,Marquette,wadedw01
50,Joel Anthony,C,6-9,245,August 9 1982,ca,4,UNLV,anthojo01
31,Shane Battier,SF,6-8,220,September 9 1978,us,10,Duke,battish01
1,Chris Bosh,PF,6-11,235,March 24 1984,us,8,Georgia Tech,boshch01
15,Mario Chalmers,PG,6-2,190,May 19 1986,us,3,Kansas,chalmma01
30,Norris Cole,PG,6-2,175,October 13 1988,us,R,Cleveland State University,coleno01
34,Eddy Curry,C,7-0,295,December 5 1982,us,9,,curryed01
32,Mickell Gladness,PF,6-11,220,July 26 1986,us,R,Alabama A&M University,gladnmi01
14,Terrel Harris,SG,6-5,190,August 10 1987,us,R,Oklahoma State,harrite01
40,Udonis Haslem,PF,6-8,235,June 9 1980,us,8,Florida,hasleud01
5,Juwan Howard,PF,6-9,240,February 7 1973,us,17,Michigan,howarju01
6,LeBron James,SF,6-9,250,December 30 1984,us,8,,jamesle01
22,James Jones,SG,6-8,218,October 4 1980,us,8,Miami (FL),jonesja02
13,Mike Miller,SG,6-8,218,February 19 1980,us,11,Florida,millemi01
45,Dexter Pittman,C,6-11,308,March 2 1988,us,1,Texas,pittmde01
21,Ronny Turiaf,C,6-10,249,January 13 1983,mq,6,Gonzaga,turiaro01
3,Dwyane Wade,SG,6-4,220,January 17 1982,us,8,Marquette,wadedw01
8,Alexis Ajinça,C,7-2,248,May 6 1988,fr,2,,ajincal01
11,J.J. Barea,PG,5-10,180,June 26 1984,pr,4,Northeastern University,bareajo01
3,Rodrigue Beaubois,PG,6-0,170,February 24 1988,gp,1,,beaubro01
13,Corey Brewer,SG,6-9,186,March 5 1986,us,3,Florida,breweco01
4,Caron Butler,SF,6-7,228,March 13 1980,us,8,UConn,butleca01
35,Brian Cardinal,SF,6-8,245,May 2 1977,us,10,Purdue,cardibr01
6,Tyson Chandler,C,7-0,235,October 2 1982,us,9,,chandty01
33,Brendan Haywood,C,7-0,268,November 27 1979,us,9,UNC,haywobr01
20,Dominique Jones,SG,6-4,215,October 15 1988,us,R,South Florida,jonesdo02
2,Jason Kidd,PG,6-4,205,March 23 1973,us,16,California,kiddja01
28,Ian Mahinmi,C,6-11,262,November 5 1986,fr,2,,mahinia01
0,Shawn Marion,SF,6-7,220,May 7 1978,us,11,Vincennes University UNLV,mariosh01
21,Steve Novak,SF,6-10,225,June 13 1983,us,4,Marquette,novakst01
41,Dirk Nowitzki,PF,7-0,245,June 19 1978,de,12,,nowitdi01
7,Sasha Pavlović,SF,6-8,220,November 15 1983,me,7,,pavloal01
92,DeShawn Stevenson,SG,6-5,210,April 3 1981,us,10,,stevede01
16,Peja Stojaković,SF,6-10,229,June 9 1977,hr,12,,stojape01
31,Jason Terry,SG,6-2,185,September 15 1977,us,11,Arizona,terryja01
12,Shannon Brown,SG,6-4,205,November 29 1985,us,3,Michigan State,brownsh01
24,Kobe Bryant,SG,6-6,212,August 23 1978,us,13,,bryanko01
17,Andrew Bynum,C,7-0,285,October 27 1987,us,4,,bynuman01
1,Jordan Farmar,PG,6-2,180,November 30 1986,us,3,UCLA,farmajo01
2,Derek Fisher,PG,6-1,200,August 9 1974,us,13,Little Rock,fishede01
16,Pau Gasol,C,7-0,250,July 6 1980,es,8,,gasolpa01
28,D.J. Mbenga,C,7-0,245,December 30 1980,cd,5,,mbengdj01
6,Adam Morrison,SF,6-8,205,July 19 1984,us,2,Gonzaga,morriad01
7,Lamar Odom,PF,6-10,220,November 6 1979,us,10,Rhode Island,odomla01
21,Josh Powell,PF,6-9,225,January 25 1983,us,4,NC State,poweljo01
18,Sasha Vujačić,SG,6-7,195,March 8 1984,si,5,,vujacsa01
4,Luke Walton,SF,6-8,235,March 28 1980,us,6,Arizona,waltolu01
37,Metta World Peace,SF,6-7,260,November 13 1979,us,10,St. John's,artesro01
3,Trevor Ariza,SF,6-8,215,June 30 1985,us,4,UCLA,arizatr01
12,Shannon Brown,SG,6-4,205,November 29 1985,us,2,Michigan State,brownsh01
24,Kobe Bryant,SG,6-6,212,August 23 1978,us,12,,bryanko01
17,Andrew Bynum,C,7-0,285,October 27 1987,us,3,,bynuman01
5,Jordan Farmar,PG,6-2,180,November 30 1986,us,2,UCLA,farmajo01
2,Derek Fisher,PG,6-1,200,August 9 1974,us,12,Little Rock,fishede01
16,Pau Gasol,C,7-0,250,July 6 1980,es,7,,gasolpa01
28,D.J. Mbenga,C,7-0,245,December 30 1980,cd,4,,mbengdj01
31,Chris Mihm,C,7-0,265,July 16 1979,us,7,Texas,mihmch01
6,Adam Morrison,SF,6-8,205,July 19 1984,us,1,Gonzaga,morriad01
7,Lamar Odom,PF,6-10,220,November 6 1979,us,9,Rhode Island,odomla01
21,Josh Powell,PF,6-9,225,January 25 1983,us,3,NC State,poweljo01
10,Vladimir Radmanović,SF,6-10,227,November 19 1980,ba,7,,radmavl01
18,Sasha Vujačić,SG,6-7,195,March 8 1984,si,4,,vujacsa01
4,Luke Walton,SF,6-8,235,March 28 1980,us,5,Arizona,waltolu01
9,Sun Yue,SG,6-9,205,November 6 1985,cn,R,,yuesu01
20,Ray Allen,SG,6-5,205,July 20 1975,us,11,UConn,allenra02
42,Tony Allen,SG,6-4,213,January 11 1982,us,3,Butler County Community College Oklahoma State,allento01
93,P.J. Brown,PF,6-11,225,October 14 1969,us,14,Louisiana Tech,brownpj01
28,Sam Cassell,PG,6-3,185,November 18 1969,us,14,Florida State,cassesa01
11,Glen Davis,C,6-9,289,January 1 1986,us,R,LSU,davisgl01
5,Kevin Garnett,PF,6-11,240,May 19 1976,us,12,,garneke01
50,Eddie House,PG,6-1,180,May 14 1978,us,7,Arizona State,houseed01
43,Kendrick Perkins,C,6-10,270,November 10 1984,us,4,,perkike01
34,Paul Pierce,SF,6-7,235,October 13 1977,us,9,Kansas,piercpa01
66,Scot Pollard,C,6-11,265,February 12 1975,us,10,Kansas,pollasc01
41,James Posey,PF,6-8,215,January 13 1977,us,8,Xavier,poseyja01
0,Leon Powe,C,6-8,240,January 22 1984,us,1,California,powele01
13,Gabe Pruitt,PG,6-4,170,April 19 1986,us,R,USC,pruitga01
9,Rajon Rondo,PG,6-1,180,February 22 1986,us,1,Kentucky,rondora01
44,Brian Scalabrine,PF,6-9,241,March 18 1978,us,6,USC,scalabr01
17,Brent Barry,SG,6-6,185,December 31 1971,us,11,Oregon State,barrybr01
15,Matt Bonner,PF,6-10,235,April 5 1980,us,2,Florida,bonnema01
12,Bruce Bowen,SF,6-7,185,June 14 1971,us,10,Cal State Fullerton,bowenbr01
45,Jackie Butler,C,6-10,250,March 10 1985,us,2,,butleja01
21,Tim Duncan,C,6-11,250,April 25 1976,vi,9,Wake Forest,duncati01
16,Francisco Elson,C,7-0,235,February 28 1976,nl,3,California,elsonfr01
2,Melvin Ely,C,6-10,260,May 2 1978,us,4,Fresno State,elyme01
4,Michael Finley,SF,6-7,215,March 6 1973,us,11,Wisconsin,finlemi01
20,Manu Ginóbili,SG,6-6,205,July 28 1977,ar,4,,ginobma01
5,Robert Horry,PF,6-10,240,August 25 1970,us,14,Alabama,horryro01
7,Fabricio Oberto,C,6-10,245,March 21 1975,ar,1,,obertfa01
9,Tony Parker,PG,6-2,185,May 17 1982,be,5,,parketo01
14,Beno Udrih,PG,6-3,205,July 5 1982,si,2,,udrihbe01
11,Jacque Vaughn,PG,6-1,190,February 11 1975,us,9,Kansas,vaughja01
33,James White,SG,6-7,200,October 21 1982,us,R,Florida Cincinnati,whiteja02
55,Eric Williams,SF,6-8,220,July 17 1972,us,11,Vincennes University Providence,willier01
5,Derek Anderson,SG,6-5,194,July 18 1974,us,8,Ohio State Kentucky,anderde01
49,Shandon Anderson,SF,6-6,208,December 31 1973,us,9,Georgia,andersh01
30,Earl Barron,C,7-0,250,August 14 1981,us,R,Memphis,barroea01
51,Michael Doleac,C,6-11,262,June 15 1977,us,7,Utah,doleami01
4,Gerald Fitch,PG,6-3,188,August 12 1982,us,R,Kentucky,fitchge01
40,Udonis Haslem,PF,6-8,235,June 9 1980,us,2,Florida,hasleud01
24,Jason Kapono,SF,6-8,213,February 4 1981,us,2,UCLA,kaponja01
33,Alonzo Mourning,C,6-10,240,February 8 1970,us,12,Georgetown,mournal01
32,Shaquille O'Neal,C,7-1,325,March 6 1972,us,13,LSU,onealsh01
20,Gary Payton,PG,6-4,180,July 23 1968,us,15,Oregon State,paytoga01
42,James Posey,SF,6-8,215,January 13 1977,us,6,Xavier,poseyja01
25,Wayne Simien,PF,6-9,255,March 9 1983,us,R,Kansas,simiewa01
3,Dwyane Wade,SG,6-4,220,January 17 1982,us,2,Marquette,wadedw01
8,Antoine Walker,PF,6-8,224,August 12 1976,us,9,Kentucky,walkean02
44,Matt Walsh,SG,6-6,205,December 2 1982,us,R,Florida,walshma01
55,Jason Williams,PG,6-1,190,November 18 1975,us,7,Marshall Florida,willija02
1,Dorell Wright,SF,6-9,205,December 2 1985,us,1,,wrighdo01
17,Brent Barry,SG,6-6,185,December 31 1971,us,9,Oregon State,barrybr01
12,Bruce Bowen,SF,6-7,185,June 14 1971,us,8,Cal State Fullerton,bowenbr01
23,Devin Brown,SG,6-5,220,December 30 1978,us,2,Texas-San Antonio,brownde02
21,Tim Duncan,PF,6-11,250,April 25 1976,vi,7,Wake Forest,duncati01
20,Manu Ginóbili,SG,6-6,205,July 28 1977,ar,2,,ginobma01
1,Dion Glover,SG,6-5,228,October 22 1978,us,5,Georgia Tech,glovedi01
5,Robert Horry,PF,6-10,240,August 25 1970,us,12,Alabama,horryro01
43,Linton Johnson,SF,6-8,205,June 13 1980,us,1,Tulane,johnsli01
4,Sean Marks,PF,6-10,250,August 23 1975,nz,4,California,marksse01
34,Tony Massenburg,PF,6-9,220,July 31 1967,us,12,Maryland,masseto01
2,Nazr Mohammed,C,6-10,221,September 5 1977,us,6,Kentucky,mohamna01
8,Rasho Nesterović,C,7-0,248,May 30 1976,si,6,,nestera01
9,Tony Parker,PG,6-2,185,May 17 1982,be,3,,parketo01
3,Glenn Robinson,SF,6-7,225,January 10 1973,us,10,Purdue,robingl01
31,Malik Rose,PF,6-7,250,November 23 1974,us,8,Drexel,rosema01
14,Beno Udrih,PG,6-3,205,July 5 1982,si,R,,udrihbe01
11,Mike Wilks,PG,5-10,185,May 7 1979,us,2,Rice University,wilksmi01
7,Chucky Atkins,PG,5-11,160,August 14 1974,us,4,South Florida,atkinch01
1,Chauncey Billups,PG,6-3,202,September 25 1976,us,6,Colorado,billuch01
41,Elden Campbell,C,6-11,215,July 23 1968,us,13,Clemson,campbel01
44,Hubert Davis,SG,6-5,183,May 17 1970,us,11,UNC,davishu01
24,Tremaine Fowlkes,SF,6-8,220,April 11 1976,us,2,California Fresno State,fowlktr01
8,Darvin Ham,SF,6-7,220,July 23 1973,us,6,Texas Tech,hamda01
32,Richard Hamilton,SG,6-6,185,February 14 1978,us,4,UConn,hamilri01
10,Lindsey Hunter,SG,6-2,170,December 3 1970,us,10,Alcorn State Jackson State University,hunteli01
7,Mike James,PG,6-2,188,June 23 1975,us,2,Duquesne,jamesmi01
31,Darko Miličić,C,7-0,250,June 20 1985,rs,R,,milicda01
13,Mehmet Okur,PF,6-11,249,May 26 1979,tr,1,,okurme01
22,Tayshaun Prince,SF,6-9,212,February 28 1980,us,1,Kentucky,princta01
39,Željko Rebrača,C,7-0,257,April 9 1972,rs,2,,rebraze01
5,Bob Sura,SG,6-5,200,March 25 1973,us,8,Florida State,surabo01
3,Ben Wallace,C,6-9,240,September 10 1974,us,7,Virginia Union University,wallabe01
30,Rasheed Wallace,PF,6-10,225,September 17 1974,us,8,UNC,wallara01
34,Corliss Williamson,PF,6-7,245,December 4 1973,us,8,Arkansas,willico02
34,Mengke Bateer,C,6-11,290,November 20 1975,cn,1,,bateeme01
12,Bruce Bowen,SF,6-7,185,June 14 1971,us,6,Cal State Fullerton,bowenbr01
23,Devin Brown,SG,6-5,220,December 30 1978,us,R,Texas-San Antonio,brownde02
10,Speedy Claxton,PG,5-11,166,May 8 1978,us,1,Hofstra,claxtsp01
21,Tim Duncan,PF,6-11,250,April 25 1976,vi,5,Wake Forest,duncati01
35,Danny Ferry,SF,6-10,230,October 17 1966,us,12,Duke,ferryda01
20,Manu Ginóbili,SG,6-6,205,July 28 1977,ar,R,,ginobma01
5,Anthony Goldwire,PG,6-1,182,September 6 1971,us,4,Houston,goldwan01
3,Stephen Jackson,SG,6-8,218,April 5 1978,us,2,Butler County Community College,jacksst02
25,Steve Kerr,PG,6-3,175,September 27 1965,lb,14,Arizona,kerrst01
9,Tony Parker,PG,6-2,185,May 17 1982,be,1,,parketo01
50,David Robinson,C,7-1,235,August 6 1965,us,13,United States Naval Academy,robinda01
31,Malik Rose,PF,6-7,250,November 23 1974,us,6,Drexel,rosema01
8,Steve Smith,SG,6-7,200,March 31 1969,us,11,Michigan State,smithst01
42,Kevin Willis,C,7-0,220,September 6 1962,us,17,Michigan State,willike02
8,Kobe Bryant,SG,6-6,212,August 23 1978,us,5,,bryanko01
11,Joe Crispin,PG,6-0,185,July 18 1979,us,R,Penn State,crispjo01
2,Derek Fisher,PG,6-1,200,August 9 1974,us,5,Little Rock,fishede01
17,Rick Fox,SF,6-7,230,July 24 1969,ca,10,UNC,foxri01
3,Devean George,SF,6-8,220,August 29 1977,us,2,Augsburg College,georgde01
5,Robert Horry,PF,6-10,240,August 25 1970,us,9,Alabama,horryro01
10,Lindsey Hunter,PG,6-2,170,December 3 1970,us,8,Alcorn State Jackson State University,hunteli01
35,Mark Madsen,PF,6-9,240,January 28 1976,us,1,Stanford,madsema01
6,Jelani McCoy,C,6-10,245,December 6 1977,us,3,UCLA,mccoyje01
14,Stanislav Medvedenko,C,6-10,250,April 4 1979,ua,1,,medvest01
34,Shaquille O'Neal,C,7-1,325,March 6 1972,us,9,LSU,onealsh01
12,Mike Penberthy,PG,6-3,185,November 29 1974,us,1,Master's College,penbemi01
23,Mitch Richmond,SG,6-5,215,June 30 1965,us,13,Kansas State,richmmi01
20,Brian Shaw,PG,6-6,190,March 22 1966,us,12,Saint Mary's UC Santa Barbara,shawbr01
52,Samaki Walker,PF,6-9,240,February 25 1976,us,5,Louisville,walkesa01
8,Kobe Bryant,SG,6-6,212,August 23 1978,us,4,,bryanko01
2,Derek Fisher,PG,6-1,200,August 9 1974,us,4,Little Rock,fishede01
40,Greg Foster,C,6-11,240,October 3 1968,us,10,UCLA Texas-El Paso,fostegr01
17,Rick Fox,SF,6-7,230,July 24 1969,ca,9,UNC,foxri01
3,Devean George,SF,6-8,220,August 29 1977,us,1,Augsburg College,georgde01
54,Horace Grant,PF,6-10,215,July 4 1965,us,13,Clemson,grantho01
4,Ron Harper,PG,6-6,185,January 20 1964,us,14,Miami University,harpero01
5,Robert Horry,PF,6-10,240,August 25 1970,us,8,Alabama,horryro01
10,Tyronn Lue,PG,6-0,175,May 3 1977,us,2,Nebraska,luety01
35,Mark Madsen,PF,6-9,240,January 28 1976,us,R,Stanford,madsema01
14,Stanislav Medvedenko,PF,6-10,250,April 4 1979,ua,R,,medvest01
34,Shaquille O'Neal,C,7-1,325,March 6 1972,us,8,LSU,onealsh01
12,Mike Penberthy,PG,6-3,185,November 29 1974,us,R,Master's College,penbemi01
7,Isaiah Rider,SG,6-5,215,March 12 1971,us,7,UNLV,rideris01
20,Brian Shaw,SG,6-6,190,March 22 1966,us,11,Saint Mary's UC Santa Barbara,shawbr01
8,Kobe Bryant,SG,6-6,212,August 23 1978,us,3,,bryanko01
11,John Celestand,PG,6-4,178,March 6 1977,us,R,Villanova,celesjo01
2,Derek Fisher,PG,6-1,200,August 9 1974,us,3,Little Rock,fishede01
17,Rick Fox,SF,6-7,230,July 24 1969,ca,8,UNC,foxri01
3,Devean George,SF,6-8,220,August 29 1977,us,R,Augsburg College,georgde01
45,A.C. Green,PF,6-9,220,October 4 1963,us,14,Oregon State,greenac01
4,Ron Harper,PG,6-6,185,January 20 1964,us,13,Miami University,harpero01
5,Robert Horry,PF,6-10,240,August 25 1970,us,7,Alabama,horryro01
7,Sam Jacobson,PG,6-4,215,July 22 1975,us,1,Minnesota,jacobsa01
40,Travis Knight,C,7-0,235,September 13 1974,us,3,UConn,knightr01
10,Tyronn Lue,PG,6-0,175,May 3 1977,us,1,Nebraska,luety01
34,Shaquille O'Neal,C,7-1,325,March 6 1972,us,7,LSU,onealsh01
41,Glen Rice,SF,6-8,215,May 28 1967,us,10,Michigan,ricegl01
16,John Salley,C,6-11,230,May 16 1964,us,10,Georgia Tech,sallejo01
20,Brian Shaw,SG,6-6,190,March 22 1966,us,10,Saint Mary's UC Santa Barbara,shawbr01
33,Antonio Daniels,PG,6-4,195,March 19 1975,us,1,Bowling Green,daniean01
21,Tim Duncan,PF,6-11,250,April 25 1976,vi,1,Wake Forest,duncati01
17,Mario Elie,SG,6-5,210,November 26 1963,us,8,American International College,eliema01
32,Sean Elliott,SF,6-8,205,February 2 1968,us,9,Arizona,elliose01
10,Andrew Gaze,SG,6-7,205,July 24 1965,au,1,Seton Hall,gazean01
2,Jaren Jackson,SG,6-4,190,October 27 1967,us,8,Georgetown,jacksja01
6,Avery Johnson,PG,5-10,175,March 25 1965,us,10,Cameron University Southern University and A&M College,johnsav01
4,Steve Kerr,PG,6-3,175,September 27 1965,lb,10,Arizona,kerrst01
25,Jerome Kersey,SF,6-7,215,June 26 1962,us,14,Longwood University,kerseje01
54,Gerard King,SF,6-9,230,November 25 1972,us,R,Nicholls State,kingge02
41,Will Perdue,C,7-0,240,August 29 1965,us,10,Vanderbilt,perduwi01
50,David Robinson,C,7-1,235,August 6 1965,us,9,United States Naval Academy,robinda01
31,Malik Rose,PF,6-7,250,November 23 1974,us,2,Drexel,rosema01
11,Brandon Williams,SG,6-6,215,February 27 1975,us,1,Davidson,willibr01
22,Keith Booth,SF,6-6,226,October 9 1974,us,R,Maryland,boothke01
1,Randy Brown,PG,6-2,190,May 22 1968,us,6,Houston New Mexico State,brownra02
30,Jud Buechler,SF,6-6,220,June 19 1968,us,7,Arizona,buechju01
24,Scott Burrell,SF,6-7,218,January 12 1971,us,4,UConn,burresc01
35,Jason Caffey,PF,6-8,255,June 12 1973,us,2,Alabama,caffeja01
9,Ron Harper,PG,6-6,185,January 20 1964,us,11,Miami University,harpero01
23,Michael Jordan,SG,6-6,198,February 17 1963,us,12,UNC,jordami01
25,Steve Kerr,PG,6-3,175,September 27 1965,lb,9,Arizona,kerrst01
53,Joe Kleine,C,6-11,255,January 4 1962,us,12,Notre Dame Arkansas,kleinjo01
7,Toni Kukoč,SF,6-10,192,September 18 1968,hr,4,,kukocto01
5,Rusty LaRue,PG,6-2,210,December 10 1973,us,R,Wake Forest,larueru01
13,Luc Longley,C,7-2,265,January 19 1969,au,6,New Mexico,longllu01
33,Scottie Pippen,SF,6-8,210,September 25 1965,us,10,University of Central Arkansas,pippesc01
91,Dennis Rodman,PF,6-7,210,May 13 1961,us,11,Southeastern Oklahoma State University,rodmade01
8,Dickey Simpkins,PF,6-9,248,April 6 1972,us,3,Providence,simpkdi01
42,David Vaughn,PF,6-9,240,March 23 1973,us,2,Memphis,vaughda02
34,Bill Wennington,C,7-0,245,April 26 1963,ca,10,St. John's,wennibi01
1,Randy Brown,PG,6-2,190,May 22 1968,us,5,Houston New Mexico State,brownra02
30,Jud Buechler,SF,6-6,220,June 19 1968,us,6,Arizona,buechju01
35,Jason Caffey,PF,6-8,255,June 12 1973,us,1,Alabama,caffeja01
18,Bison Dele,C,6-9,235,April 6 1969,us,5,Maryland Arizona,delebi01
9,Ron Harper,PG,6-6,185,January 20 1964,us,10,Miami University,harpero01
23,Michael Jordan,SG,6-6,198,February 17 1963,us,11,UNC,jordami01
25,Steve Kerr,PG,6-3,175,September 27 1965,lb,8,Arizona,kerrst01
7,Toni Kukoč,SF,6-10,192,September 18 1968,hr,3,,kukocto01
13,Luc Longley,C,7-2,265,January 19 1969,au,5,New Mexico,longllu01
00,Robert Parish,C,7-1,230,August 30 1953,us,20,Centenary (LA),parisro01
33,Scottie Pippen,SF,6-8,210,September 25 1965,us,9,University of Central Arkansas,pippesc01
91,Dennis Rodman,PF,6-7,210,May 13 1961,us,10,Southeastern Oklahoma State University,rodmade01
8,Dickey Simpkins,PF,6-9,248,April 6 1972,us,2,Providence,simpkdi01
6,Matt Steigenga,SF,6-7,225,March 27 1970,us,R,Michigan State,steigma01
34,Bill Wennington,C,7-0,245,April 26 1963,ca,9,St. John's,wennibi01
0,Randy Brown,PG,6-2,190,May 22 1968,us,4,Houston New Mexico State,brownra02
30,Jud Buechler,SF,6-6,220,June 19 1968,us,5,Arizona,buechju01
35,Jason Caffey,PF,6-8,255,June 12 1973,us,R,Alabama,caffeja01
53,James Edwards,C,7-0,225,November 22 1955,us,18,Washington,edwarja01
54,Jack Haley,C,6-10,240,January 27 1964,us,6,UCLA,haleyja01
9,Ron Harper,PG,6-6,185,January 20 1964,us,9,Miami University,harpero01
23,Michael Jordan,SG,6-6,198,February 17 1963,us,10,UNC,jordami01
25,Steve Kerr,PG,6-3,175,September 27 1965,lb,7,Arizona,kerrst01
7,Toni Kukoč,SF,6-10,192,September 18 1968,hr,2,,kukocto01
13,Luc Longley,C,7-2,265,January 19 1969,au,4,New Mexico,longllu01
33,Scottie Pippen,SF,6-8,210,September 25 1965,us,8,University of Central Arkansas,pippesc01
91,Dennis Rodman,PF,6-7,210,May 13 1961,us,9,Southeastern Oklahoma State University,rodmade01
22,John Salley,PF,6-11,230,May 16 1964,us,9,Georgia Tech,sallejo01
8,Dickey Simpkins,PF,6-9,248,April 6 1972,us,1,Providence,simpkdi01
34,Bill Wennington,C,7-0,245,April 26 1963,ca,8,St. John's,wennibi01
15,Tim Breaux,SF,6-7,215,September 19 1970,us,R,Wyoming,breauti01
1,Scott Brooks,PG,5-11,165,July 31 1965,us,6,TCU University of California Irvine,brooksc01
52,Chucky Brown,SF,6-7,214,February 29 1968,us,5,NC State,brownch01
44,Adrian Caldwell,PF,6-8,265,July 4 1966,us,2,SMU Lamar,caldwad01
10,Sam Cassell,PG,6-3,185,November 18 1969,us,1,Florida State,cassesa01
32,Pete Chilcutt,PF,6-10,230,September 14 1968,us,3,UNC,chilcpe01
22,Clyde Drexler,SG,6-7,210,June 22 1962,us,11,Houston,drexlcl01
17,Mario Elie,SF,6-5,210,November 26 1963,us,4,American International College,eliema01
7,Carl Herrera,PF,6-9,215,December 14 1966,tt,3,Jacksonville College Houston,herreca01
25,Robert Horry,PF,6-10,240,August 25 1970,us,2,Alabama,horryro01
27,Charles Jones,PF,6-9,215,April 3 1957,us,11,Albany State University,jonesch01
11,Vernon Maxwell,SG,6-4,180,September 12 1965,us,6,Florida,maxweve01
31,Tracy Murray,SF,6-7,225,July 25 1971,us,2,UCLA,murratr01
34,Hakeem Olajuwon,C,7-0,255,January 21 1963,ng,10,Houston,olajuha01
30,Kenny Smith,PG,6-3,170,March 8 1965,us,7,UNC,smithke01
55,Žan Tabak,C,7-0,245,June 15 1970,hr,R,,tabakza01
33,Otis Thorpe,PF,6-9,225,August 5 1962,us,10,Providence,thorpot01
1,Scott Brooks,PG,5-11,165,July 31 1965,us,5,TCU University of California Irvine,brooksc01
50,Matt Bullard,PF,6-10,215,June 5 1967,us,3,Colorado Iowa,bullama01
10,Sam Cassell,PG,6-3,185,November 18 1969,us,R,Florida State,cassesa01
35,Earl Cureton,PF,6-9,210,September 3 1957,us,10,Robert Morris University (PA) Detroit Mercy,curetea01
17,Mario Elie,SF,6-5,210,November 26 1963,us,3,American International College,eliema01
7,Carl Herrera,PF,6-9,215,December 14 1966,tt,2,Jacksonville College Houston,herreca01
25,Robert Horry,SF,6-10,240,August 25 1970,us,1,Alabama,horryro01
21,Chris Jent,SF,6-7,220,January 11 1970,us,R,Ohio State,jentch01
11,Vernon Maxwell,SG,6-4,180,September 12 1965,us,5,Florida,maxweve01
34,Hakeem Olajuwon,C,7-0,255,January 21 1963,ng,9,Houston,olajuha01
3,Richard Petruška,C,6-10,260,January 25 1969,sk,R,Loyola Marymount UCLA,petruri01
42,Eric Riley,C,7-0,245,June 2 1970,us,R,Michigan,rileyer01
20,Larry Robinson,SG,6-3,180,January 11 1968,us,3,Centenary (LA),robinla01
30,Kenny Smith,PG,6-3,170,March 8 1965,us,6,UNC,smithke01
33,Otis Thorpe,PF,6-9,225,August 5 1962,us,9,Providence,thorpot01
10,B.J. Armstrong,PG,6-2,175,September 9 1967,us,3,Iowa,armstbj01
17,Ricky Blanton,SF,6-7,215,April 21 1966,us,R,LSU,blantri01
24,Bill Cartwright,C,7-1,245,July 30 1957,us,12,San Francisco,cartwbi01
40,Joe Courtney,PF,6-8,235,October 17 1969,us,R,Mississippi State Southern Miss,courtjo01
3,Jo Jo English,SG,6-4,195,February 4 1970,de,R,South Carolina,englijo01
54,Horace Grant,PF,6-10,215,July 4 1965,us,5,Clemson,grantho01
23,Michael Jordan,SG,6-6,198,February 17 1963,us,8,UNC,jordami01
21,Stacey King,C,6-11,230,January 29 1967,us,3,Oklahoma,kingst01
22,Rodney McCray,SF,6-7,220,August 29 1961,us,9,Louisville,mccraro01
45,Ed Nealy,PF,6-7,238,February 19 1960,us,9,Kansas State,nealyed01
5,John Paxson,PG,6-2,185,September 29 1960,us,9,Notre Dame,paxsojo01
32,Will Perdue,C,7-0,240,August 29 1965,us,4,Vanderbilt,perduwi01
33,Scottie Pippen,SF,6-8,210,September 25 1965,us,5,University of Central Arkansas,pippesc01
6,Trent Tucker,SG,6-5,193,December 20 1959,us,10,Minnesota,tucketr01
20,Darrell Walker,PG,6-4,180,March 9 1961,us,9,Arkansas,walkeda01
12,Corey Williams,PG,6-2,190,April 24 1970,us,R,Oklahoma State,willico01
42,Scott Williams,PF,6-10,230,March 21 1968,us,2,UNC,willisc01
10,B.J. Armstrong,PG,6-2,175,September 9 1967,us,2,Iowa,armstbj01
24,Bill Cartwright,C,7-1,245,July 30 1957,us,11,San Francisco,cartwbi01
54,Horace Grant,PF,6-10,215,July 4 1965,us,4,Clemson,grantho01
20,Bob Hansen,SG,6-6,190,January 18 1961,us,8,Iowa,hansebo01
14,Craig Hodges,SG,6-2,190,June 27 1960,us,9,Cal State Long Beach,hodgecr01
2,Dennis Hopson,SG,6-5,200,April 22 1965,us,4,Ohio State,hopsode01
23,Michael Jordan,SG,6-6,198,February 17 1963,us,7,UNC,jordami01
21,Stacey King,PF,6-11,230,January 29 1967,us,2,Oklahoma,kingst01
53,Cliff Levingston,PF,6-8,210,January 4 1961,us,9,Wichita State,levincl01
25,Chuck Nevitt,C,7-5,217,June 13 1959,us,7,NC State,nevitch01
5,John Paxson,PG,6-2,185,September 29 1960,us,8,Notre Dame,paxsojo01
32,Will Perdue,C,7-0,240,August 29 1965,us,3,Vanderbilt,perduwi01
33,Scottie Pippen,SF,6-8,210,September 25 1965,us,4,University of Central Arkansas,pippesc01
52,Mark Randall,PF,6-8,235,September 30 1967,us,R,Kansas,randama01
2,Rory Sparrow,PG,6-2,175,June 12 1958,us,11,Villanova,sparrro01
42,Scott Williams,PF,6-10,230,March 21 1968,us,1,UNC,willisc01
10,B.J. Armstrong,PG,6-2,175,September 9 1967,us,1,Iowa,armstbj01
24,Bill Cartwright,C,7-1,245,July 30 1957,us,10,San Francisco,cartwbi01
54,Horace Grant,PF,6-10,215,July 4 1965,us,3,Clemson,grantho01
14,Craig Hodges,SG,6-2,190,June 27 1960,us,8,Cal State Long Beach,hodgecr01
2,Dennis Hopson,SF,6-5,200,April 22 1965,us,3,Ohio State,hopsode01
23,Michael Jordan,SG,6-6,198,February 17 1963,us,6,UNC,jordami01
34,Stacey King,PF,6-11,230,January 29 1967,us,1,Oklahoma,kingst01
53,Cliff Levingston,PF,6-8,210,January 4 1961,us,8,Wichita State,levincl01
5,John Paxson,PG,6-2,185,September 29 1960,us,7,Notre Dame,paxsojo01
32,Will Perdue,C,7-0,240,August 29 1965,us,2,Vanderbilt,perduwi01
33,Scottie Pippen,SF,6-8,210,September 25 1965,us,3,University of Central Arkansas,pippesc01
42,Scott Williams,PF,6-10,230,March 21 1968,us,R,UNC,willisc01
23,Mark Aguirre,SF,6-6,232,December 10 1959,us,8,DePaul,aguirma01
20,William Bedford,C,7-0,225,December 14 1963,us,2,Memphis,bedfowi01
4,Joe Dumars,SG,6-3,190,May 24 1963,us,4,McNeese State University,dumarjo01
53,James Edwards,C,7-0,225,November 22 1955,us,12,Washington,edwarja01
33,Dave Greenwood,PF,6-9,222,May 27 1957,us,10,UCLA,greenda01
35,Scott Hastings,PF,6-10,235,June 3 1960,us,7,Arkansas,hastisc01
12,Gerald Henderson,PG,6-2,175,January 16 1956,us,10,VCU,hendege01
15,Vinnie Johnson,SG,6-2,200,September 1 1956,us,10,Baylor,johnsvi01
3,Stan Kimbrough,PG,5-11,153,April 24 1966,us,R,Central Florida Xavier,kimbrst01
40,Bill Laimbeer,C,6-11,245,May 19 1957,us,9,Notre Dame,laimbbi01
35,Ralph Lewis,SG,6-6,200,March 28 1963,us,2,La Salle,lewisra01
10,Dennis Rodman,SF,6-7,210,May 13 1961,us,3,Southeastern Oklahoma State University,rodmade01
22,John Salley,PF,6-11,230,May 16 1964,us,3,Georgia Tech,sallejo01
11,Isiah Thomas,PG,6-1,180,April 30 1961,us,8,Indiana,thomais01
23,Mark Aguirre,SF,6-6,232,December 10 1959,us,7,DePaul,aguirma01
45,Adrian Dantley,SF,6-5,208,February 28 1955,us,12,Notre Dame,dantlad01
50,Darryl Dawkins,C,6-11,251,January 11 1957,us,13,,dawkida01
34,Fennis Dembo,SF,6-5,215,January 24 1966,us,R,Wyoming,dembofe01
4,Joe Dumars,SG,6-3,190,May 24 1963,us,3,McNeese State University,dumarjo01
53,James Edwards,C,7-0,225,November 22 1955,us,11,Washington,edwarja01
35,Steve Harris,SG,6-5,195,October 15 1963,us,3,Tulsa,harrist01
15,Vinnie Johnson,SG,6-2,200,September 1 1956,us,9,Baylor,johnsvi01
40,Bill Laimbeer,C,6-11,245,May 19 1957,us,8,Notre Dame,laimbbi01
25,John Long,SG,6-5,195,August 28 1956,us,10,Detroit Mercy,longjo01
44,Rick Mahorn,PF,6-10,240,September 21 1958,us,8,Hampton,mahorri01
12,Pace Mannion,SF,6-7,190,September 22 1960,us,5,Utah,mannipa01
10,Dennis Rodman,SF,6-7,210,May 13 1961,us,2,Southeastern Oklahoma State University,rodmade01
41,Jim Rowinski,PF,6-8,250,January 4 1961,us,R,Purdue,rowinji01
22,John Salley,PF,6-11,230,May 16 1964,us,2,Georgia Tech,sallejo01
11,Isiah Thomas,PG,6-1,180,April 30 1961,us,7,Indiana,thomais01
24,Micheal Williams,PG,6-2,175,July 23 1966,us,R,Baylor,willimi02
33,Kareem Abdul-Jabbar,C,7-2,225,April 16 1947,us,18,UCLA,abdulka01
19,Tony Campbell,SF,6-7,215,May 7 1962,us,3,Ohio State,campbto01
21,Michael Cooper,SG,6-7,170,April 15 1956,us,9,New Mexico,coopemi01
45,A.C. Green,PF,6-9,220,October 4 1963,us,2,Oregon State,greenac01
32,Magic Johnson,PG,6-9,215,August 14 1959,us,8,Michigan State,johnsma02
3,Jeff Lamp,SF,6-6,195,March 9 1959,us,4,Virginia,lampje01
1,Wes Matthews,PG,6-1,170,August 24 1959,us,7,Wisconsin,matthwe01
31,Kurt Rambis,PF,6-8,213,February 25 1958,us,6,Santa Clara,rambiku01
4,Byron Scott,SG,6-3,195,March 28 1961,us,4,Arizona State,scottby01
52,Mike Smrek,C,7-0,250,August 31 1962,ca,2,Canisius,smrekmi01
55,Billy Thompson,SF,6-7,195,December 1 1963,us,1,Louisville,thompbi01
43,Mychal Thompson,C,6-10,226,January 30 1955,bs,8,Minnesota,thompmy01
34,Ray Tolbert,PF,6-9,225,September 10 1958,us,3,Indiana,tolbera01
20,Milt Wagner,SG,6-5,185,February 20 1963,us,R,Louisville,wagnemi01
42,James Worthy,SF,6-9,225,February 27 1961,us,5,UNC,worthja01
33,Kareem Abdul-Jabbar,C,7-2,225,April 16 1947,us,17,UCLA,abdulka01
24,Adrian Branch,SF,6-7,185,November 17 1963,us,R,Maryland,brancad01
43,Frank Brickowski,PF,6-9,240,August 14 1959,us,2,Penn State,brickfr01
21,Michael Cooper,SG,6-7,170,April 15 1956,us,8,New Mexico,coopemi01
45,A.C. Green,PF,6-9,220,October 4 1963,us,1,Oregon State,greenac01
32,Magic Johnson,PG,6-9,215,August 14 1959,us,7,Michigan State,johnsma02
1,Wes Matthews,PG,6-1,170,August 24 1959,us,6,Wisconsin,matthwe01
31,Kurt Rambis,PF,6-8,213,February 25 1958,us,5,Santa Clara,rambiku01
4,Byron Scott,SG,6-3,195,March 28 1961,us,3,Arizona State,scottby01
52,Mike Smrek,C,7-0,250,August 31 1962,ca,1,Canisius,smrekmi01
55,Billy Thompson,SF,6-7,195,December 1 1963,us,R,Louisville,thompbi01
43,Mychal Thompson,PF,6-10,226,January 30 1955,bs,7,Minnesota,thompmy01
42,James Worthy,SF,6-9,225,February 27 1961,us,4,UNC,worthja01
44,Danny Ainge,SG,6-4,175,March 17 1959,us,4,BYU,aingeda01
33,Larry Bird,SF,6-9,220,December 7 1956,us,6,Indiana State University,birdla01
34,Rick Carlisle,SG,6-5,210,October 27 1959,us,1,University of Maine Virginia,carliri01
3,Dennis Johnson,PG,6-4,185,September 18 1954,us,9,Pepperdine,johnsde01
50,Greg Kite,C,6-11,250,August 5 1961,us,2,BYU,kitegr01
32,Kevin McHale,PF,6-10,210,December 19 1957,us,5,Minnesota,mchalke01
00,Robert Parish,C,7-1,230,August 30 1953,us,9,Centenary (LA),parisro01
12,Jerry Sichting,PG,6-1,168,November 29 1956,us,5,Purdue,sichtje01
45,David Thirdkill,PF,6-7,195,April 12 1960,us,3,Bradley,thirdda01
11,Sam Vincent,SG,6-2,185,May 18 1963,us,R,Michigan State,vincesa01
5,Bill Walton,C,6-11,210,November 5 1952,us,8,UCLA,waltobi01
8,Scott Wedman,SF,6-7,215,July 29 1952,us,11,Colorado,wedmasc01
35,Sly Williams,SF,6-7,210,January 26 1958,us,6,Rhode Island,willisl01
33,Kareem Abdul-Jabbar,C,7-2,225,April 16 1947,us,15,UCLA,abdulka01
21,Michael Cooper,SG,6-7,170,April 15 1956,us,6,New Mexico,coopemi01
32,Magic Johnson,PG,6-9,215,August 14 1959,us,5,Michigan State,johnsma02
1,Earl Jones,C,7-0,210,January 13 1961,us,R,University of the District of Columbia,jonesea01
25,Mitch Kupchak,PF,6-9,230,May 24 1954,us,7,UNC,kupchmi01
12,Ronnie Lester,PG,6-2,175,January 1 1959,us,4,Iowa,lestero01
11,Bob McAdoo,C,6-9,210,September 25 1951,us,12,Vincennes University UNC,mcadobo01
40,Mike McGee,SF,6-5,190,July 29 1959,us,3,Michigan,mcgeemi01
43,Chuck Nevitt,C,7-5,217,June 13 1959,us,1,NC State,nevitch01
31,Kurt Rambis,PF,6-8,213,February 25 1958,us,3,Santa Clara,rambiku01
4,Byron Scott,SG,6-3,195,March 28 1961,us,1,Arizona State,scottby01
35,Larry Spriggs,PF,6-7,230,September 8 1959,us,3,Howard University,sprigla01
52,Jamaal Wilkes,SF,6-6,190,May 2 1953,us,10,UCLA,wilkeja01
42,James Worthy,SF,6-9,225,February 27 1961,us,2,UNC,worthja01
44,Danny Ainge,SG,6-4,175,March 17 1959,us,2,BYU,aingeda01
33,Larry Bird,PF,6-9,220,December 7 1956,us,4,Indiana State University,birdla01
28,Quinn Buckner,PG,6-3,190,August 20 1954,us,7,Indiana,bucknqu01
30,M.L. Carr,SF,6-6,205,January 9 1951,us,8,Guilford College,carrml01
40,Carlos Clark,SG,6-4,210,August 10 1960,us,R,Ole Miss,clarkca01
43,Gerald Henderson,PG,6-2,175,January 16 1956,us,4,VCU,hendege01
3,Dennis Johnson,SG,6-4,185,September 18 1954,us,7,Pepperdine,johnsde01
50,Greg Kite,C,6-11,250,August 5 1961,us,R,BYU,kitegr01
31,Cedric Maxwell,SF,6-8,205,November 21 1955,us,6,UNC Charlotte,maxwece01
32,Kevin McHale,PF,6-10,210,December 19 1957,us,3,Minnesota,mchalke01
00,Robert Parish,C,7-1,230,August 30 1953,us,7,Centenary (LA),parisro01
8,Scott Wedman,SF,6-7,215,July 29 1952,us,9,Colorado,wedmasc01
7,J.J. Anderson,SF,6-8,195,September 23 1960,us,R,Bradley,anderjj01
10,Maurice Cheeks,PG,6-1,180,September 8 1956,us,4,West Texas A&M University,cheekma01
25,Earl Cureton,C,6-9,210,September 3 1957,us,2,Robert Morris University (PA) Detroit Mercy,curetea01
14,Franklin Edwards,PG,6-1,170,February 2 1959,us,1,Cleveland State University,edwarfr01
6,Julius Erving,SF,6-7,210,February 22 1950,us,11,UMass,ervinju01
8,Marc Iavaroni,PF,6-8,210,September 15 1956,us,R,Virginia,iavarma01
45,Clemon Johnson,C,6-10,240,September 12 1956,us,4,Florida A&M,johnscl01
33,Reggie Johnson,SF,6-9,205,June 25 1957,us,2,Tennessee,johnsre01
24,Bobby Jones,PF,6-9,210,December 18 1951,us,8,UNC,jonesbo01
2,Moses Malone,C,6-10,215,March 23 1955,us,8,,malonmo01
31,Mark McNamara,C,6-11,235,June 8 1959,us,R,Santa Clara California,mcnamma01
4,Clint Richardson,SG,6-3,195,August 7 1956,us,3,Seattle University,richacl01
3,Russ Schoene,PF,6-10,210,April 16 1960,us,R,Chattanooga,schoeru01
22,Andrew Toney,SG,6-3,178,November 23 1957,us,2,Louisiana,toneyan01
33,Kareem Abdul-Jabbar,C,7-2,225,April 16 1947,us,12,UCLA,abdulka01
8,Jim Brewer,PF,6-9,210,December 3 1951,us,8,Minnesota,breweji01
21,Michael Cooper,SG,6-7,170,April 15 1956,us,3,New Mexico,coopemi01
34,Clay Johnson,SG,6-4,175,July 18 1956,us,R,Missouri,johnscl02
32,Magic Johnson,SG,6-9,215,August 14 1959,us,2,Michigan State,johnsma02
5,Eddie Jordan,PG,6-1,170,January 29 1955,us,4,Rutgers University,jordaed01
41,Mitch Kupchak,PF,6-9,230,May 24 1954,us,5,UNC,kupchmi01
54,Mark Landsberger,PF,6-8,215,May 21 1955,us,4,Minnesota Arizona State,landsma01
11,Bob McAdoo,C,6-9,210,September 25 1951,us,9,Vincennes University UNC,mcadobo01
40,Mike McGee,SF,6-5,190,July 29 1959,us,R,Michigan,mcgeemi01
30,Kevin McKenna,SG,6-5,195,January 8 1959,us,R,Creighton,mckenke01
10,Norm Nixon,PG,6-2,170,October 11 1955,us,4,Duquesne,nixonno01
31,Kurt Rambis,PF,6-8,213,February 25 1958,us,R,Santa Clara,rambiku01
52,Jamaal Wilkes,SF,6-6,190,May 2 1953,us,7,UCLA,wilkeja01
7,Tiny Archibald,PG,6-1,150,September 2 1948,us,9,Texas-El Paso,architi01
33,Larry Bird,PF,6-9,220,December 7 1956,us,1,Indiana State University,birdla01
30,M.L. Carr,SF,6-6,205,January 9 1951,us,5,Guilford College,carrml01
40,Terry Duerod,SG,6-2,180,July 29 1956,us,1,Detroit Mercy,duerote01
45,Eric Fernsten,C,6-10,205,November 1 1953,us,3,San Francisco,fernser01
42,Chris Ford,SG,6-5,190,January 11 1949,us,8,Villanova,fordch01
43,Gerald Henderson,PG,6-2,175,January 16 1956,us,1,VCU,hendege01
20,Wayne Kreklow,SG,6-4,175,January 4 1957,us,R,Drake University,kreklwa01
31,Cedric Maxwell,SF,6-8,205,November 21 1955,us,3,UNC Charlotte,maxwece01
32,Kevin McHale,PF,6-10,210,December 19 1957,us,R,Minnesota,mchalke01
00,Robert Parish,C,7-1,230,August 30 1953,us,4,Centenary (LA),parisro01
53,Rick Robey,C,6-11,230,January 30 1956,us,2,Kentucky,robeyri01
33,Kareem Abdul-Jabbar,C,7-2,225,April 16 1947,us,10,UCLA,abdulka01
24,Ron Boone,SG,6-2,200,September 6 1946,us,11,Iowa Western Community College Clarinda Campus Idaho State University,boonero01
7,Marty Byrnes,SF,6-7,215,April 30 1956,us,1,Syracuse,byrnema01
7,Kenny Carr,PF,6-7,220,August 15 1955,us,2,NC State,carrke01
9,Jim Chones,C,6-11,220,November 30 1949,us,7,Marquette,choneji01
21,Michael Cooper,SG,6-7,170,April 15 1956,us,1,New Mexico,coopemi01
35,Don Ford,SF,6-9,215,December 31 1952,us,4,New Mexico UC Santa Barbara,forddo01
31,Spencer Haywood,PF,6-8,225,April 22 1949,us,10,Trinidad State Junior College Detroit Mercy,haywosp01
14,Brad Holland,SG,6-3,180,December 6 1956,us,R,UCLA,hollabr01
32,Magic Johnson,SG,6-9,215,August 14 1959,us,R,Michigan State,johnsma02
54,Mark Landsberger,C,6-8,215,May 21 1955,us,2,Minnesota Arizona State,landsma01
15,Butch Lee,PG,6-0,185,December 5 1956,pr,1,Marquette,leebu01
25,Ollie Mack,SG,6-3,185,June 6 1957,us,R,East Carolina University,mackol01
10,Norm Nixon,PG,6-2,170,October 11 1955,us,2,Duquesne,nixonno01
52,Jamaal Wilkes,SF,6-6,190,May 2 1953,us,5,UCLA,wilkeja01
21,Dennis Awtrey,C,6-10,235,February 22 1948,us,8,Santa Clara,awtrede01
32,Fred Brown,PG,6-3,182,August 7 1948,us,7,Iowa,brownfr01
22,Lars Hansen,C,6-10,225,September 14 1954,dk,R,Washington,hansela01
10,Joe Hassett,SG,6-5,180,September 11 1955,us,1,Providence,hassejo01
24,Dennis Johnson,SG,6-4,185,September 18 1954,us,2,Pepperdine,johnsde01
27,John Johnson,SF,6-7,200,October 18 1947,us,8,Iowa,johnsjo01
23,Tom LaGarde,C,6-10,220,February 10 1955,us,1,UNC,lagarto01
22,Jackie Robinson,SF,6-6,210,May 20 1955,us,R,UNLV,robinja01
8,Lonnie Shelton,PF,6-8,240,October 19 1955,us,2,Oregon State,sheltlo01
43,Jack Sikma,C,6-11,230,November 14 1955,us,1,Illinois Wesleyan University,sikmaja01
35,Paul Silas,PF,6-7,220,July 12 1943,us,14,Creighton,silaspa01
11,Dick Snyder,SG,6-5,207,February 1 1944,us,12,Davidson,snydedi01
42,Wally Walker,SF,6-7,190,July 18 1954,us,2,Virginia,walkewa01
1,Gus Williams,PG,6-2,175,October 10 1953,us,3,USC,willigu01
42,Greg Ballard,SF,6-7,215,January 29 1955,us,R,Oregon,ballagr01
45,Phil Chenier,SG,6-3,180,October 30 1950,us,6,California,cheniph01
10,Bob Dandridge,SF,6-6,195,November 15 1947,us,8,Norfolk State,dandrbo01
35,Kevin Grevey,SF,6-5,210,May 12 1953,us,2,Kentucky,greveke01
11,Elvin Hayes,PF,6-9,235,November 17 1945,us,9,Houston,hayesel01
14,Tom Henderson,PG,6-3,190,January 26 1952,us,3,Hawaii,hendeto01
15,Charles Johnson,SG,6-0,170,March 31 1949,us,5,California,johnsch01
25,Mitch Kupchak,PF,6-9,230,May 24 1954,us,1,UNC,kupchmi01
44,Joe Pace,C,6-10,220,December 18 1953,us,1,Coppin State University,pacejo01
41,Wes Unseld,C,6-7,245,March 14 1946,us,9,Louisville,unselwe01
20,Phil Walker,SG,6-3,180,March 20 1956,us,R,Millersville,walkeph01
32,Larry Wright,PG,6-1,160,November 23 1954,us,1,Grambling State University,wrighla01
10,Corky Calhoun,SF,6-7,210,November 1 1950,us,4,Penn,calhoco01
16,Johnny Davis,SG,6-2,170,October 21 1955,us,R,Dayton,davisjo01
3,Herm Gilliam,SG,6-3,190,May 5 1946,us,7,Purdue,gillihe01
30,Bob Gross,SF,6-6,200,August 3 1953,us,1,Seattle University Cal State Long Beach,grossbo01
14,Lionel Hollins,PG,6-3,185,October 19 1953,us,1,Arizona State,hollili01
34,Robin Jones,C,6-9,225,February 2 1954,us,R,Saint Louis,jonesro01
20,Maurice Lucas,PF,6-9,215,February 18 1952,us,2,Marquette,lucasma01
22,Clyde Mayes,PF,6-8,225,March 17 1953,us,1,Furman University,mayescl01
36,Lloyd Neal,PF,6-7,225,December 10 1950,us,4,Tennessee State,nealll01
15,Larry Steele,SG,6-5,180,May 5 1949,us,5,Kentucky,steella01
13,Dave Twardzik,PG,6-1,175,September 20 1950,us,4,Old Dominion,twardda01
42,Wally Walker,SF,6-7,190,July 18 1954,us,R,Virginia,walkewa01
32,Bill Walton,C,6-11,210,November 5 1952,us,2,UCLA,waltobi01
42,Jerome Anderson,SG,6-5,195,October 9 1953,us,R,West Virginia,anderje01
34,Jim Ard,C,6-8,215,September 19 1948,us,5,Cincinnati,ardji01
31,Tom Boswell,PF,6-9,220,October 2 1953,us,R,South Carolina State South Carolina,bosweto01
18,Dave Cowens,C,6-9,230,October 25 1948,us,5,Florida State,cowenda01
17,John Havlicek,SF,6-5,203,April 8 1940,us,13,Ohio State,havlijo01
33,Steve Kuberski,C,6-8,215,November 6 1947,us,6,Bradley,kuberst01
30,Glenn McDonald,SF,6-6,190,March 18 1952,us,1,Cal State Long Beach,mcdongl01
19,Don Nelson,SF,6-6,210,May 15 1940,us,13,Iowa,nelsodo01
11,Charlie Scott,SG,6-5,175,December 15 1948,us,5,UNC,scottch01
32,Ed Searcy,SF,6-6,210,April 17 1952,us,R,St. John's,searced01
35,Paul Silas,PF,6-7,220,July 12 1943,us,11,Creighton,silaspa01
27,Kevin Stacom,SG,6-3,185,September 4 1951,us,1,Holy Cross Providence,stacoke01
10,Jo Jo White,PG,6-3,190,November 16 1946,us,6,Kansas,whitejo01
24,Rick Barry,SF,6-7,205,March 28 1944,us,8,Miami (FL),barryri01
21,Butch Beard,PG,6-3,185,May 4 1947,us,4,Louisville,beardbu01
22,Steve Bracey,SG,6-1,175,August 1 1950,us,2,Tulsa,bracest01
32,Bill Bridges,PF,6-6,228,April 4 1939,us,12,Kansas,bridgbi01
40,Derrek Dickey,PF,6-7,218,March 20 1951,us,1,Cincinnati,dickede01
15,Charles Dudley,PG,6-2,180,March 5 1950,us,1,Washington,dudlech01
10,Charles Johnson,SG,6-0,170,March 31 1949,us,2,California,johnsch01
52,George Johnson,C,6-11,205,December 18 1948,us,2,Dillard University,johnsge02
34,Frank Kendrick,SF,6-6,198,September 11 1950,us,R,Purdue,kendrfr01
23,Jeff Mullins,SG,6-4,190,March 18 1942,us,10,Duke,mullije01
44,Clifford Ray,C,6-9,230,January 21 1949,us,3,Oklahoma,raycl01
20,Phil Smith,SG,6-4,185,April 22 1952,us,R,San Francisco,smithph01
41,Jamaal Wilkes,SF,6-6,190,May 2 1953,us,R,UCLA,wilkeja01
12,Don Chaney,SG,6-5,210,March 22 1946,us,5,Houston,chanedo01
18,Dave Cowens,C,6-9,230,October 25 1948,us,3,Florida State,cowenda01
32,Steve Downing,C,6-8,225,September 9 1950,us,R,Indiana,downist01
29,Hank Finkel,C,7-0,240,April 20 1942,us,7,Dayton,finkeha01
20,Phil Hankinson,SF,6-8,195,July 26 1951,us,R,Penn,hankiph01
17,John Havlicek,SF,6-5,203,April 8 1940,us,11,Ohio State,havlijo01
11,Steve Kuberski,PF,6-8,215,November 6 1947,us,4,Bradley,kuberst01
19,Don Nelson,SF,6-6,210,May 15 1940,us,11,Iowa,nelsodo01
35,Paul Silas,PF,6-7,220,July 12 1943,us,9,Creighton,silaspa01
44,Paul Westphal,SG,6-4,195,November 30 1950,us,1,USC,westppa01
10,Jo Jo White,PG,6-3,190,November 16 1946,us,4,Kansas,whitejo01
7,Art Williams,PG,6-1,180,September 29 1939,us,6,Cal Poly Pomona,williar01
12,Dick Barnett,SG,6-4,190,October 2 1936,us,12,Tennessee State,barnedi01
17,Henry Bibby,PG,6-1,185,November 24 1949,us,R,UCLA,bibbyhe01
24,Bill Bradley,SF,6-5,205,July 28 1943,us,5,Princeton,bradlbi01
22,Dave DeBusschere,PF,6-6,220,October 16 1940,us,10,Detroit Mercy,debusda01
10,Walt Frazier,PG,6-4,200,March 29 1945,us,5,Southern Illinois,fraziwa01
40,John Gianelli,C,6-10,220,June 10 1950,us,R,University of the Pacific,gianejo01
18,Phil Jackson,PF,6-8,220,September 17 1945,us,4,University of North Dakota,jacksph01
32,Jerry Lucas,PF,6-8,230,March 30 1940,us,9,Ohio State,lucasje01
7,Dean Meminger,SG,6-0,175,May 13 1948,us,1,Marquette,meminde01
15 21,Earl Monroe,SG,6-3,185,November 21 1944,us,5,Winston-Salem State,monroea01
23,Luther Rackley,C,6-10,220,June 11 1946,us,3,Xavier,rackllu01
19,Willis Reed,C,6-10,235,June 25 1942,us,8,Grambling State University,reedwi01
6,Tom Riker,C,6-10,225,February 28 1950,us,R,South Carolina,rikerto01
43,Harthorne Wingo,PF,6-6,210,September 9 1947,us,R,Friendship Junior College,wingoha01
22,Elgin Baylor,SF,6-5,225,September 16 1934,us,13,College of Idaho Seattle University,bayloel01
13,Wilt Chamberlain,C,7-1,275,August 21 1936,us,12,Kansas,chambwi01
11,Jim Cleamons,PG,6-3,185,September 13 1949,us,R,Ohio State,cleamji01
14,Leroy Ellis,C,6-10,210,March 10 1940,us,9,St. John's,ellisle01
24,Keith Erickson,SF,6-5,195,April 19 1944,us,6,UCLA,erickke01
25,Gail Goodrich,SG,6-1,170,April 23 1943,us,6,UCLA,goodrga01
52,Happy Hairston,PF,6-7,225,May 31 1942,us,7,NYU,hairsha01
5,Jim McMillian,SF,6-5,215,March 11 1948,us,1,Columbia University,mcmilji01
12,Pat Riley,SG,6-4,205,March 20 1945,us,4,Kentucky,rileypa01
21,Flynn Robinson,SG,6-1,185,April 28 1941,us,5,Southern Illinois  Wyoming,robinfl01
31,John Trapp,SF,6-7,210,October 2 1945,us,3,Voorhees College Pasadena City College UNLV,trappjo01
44,Jerry West,PG,6-3,175,May 28 1938,us,11,West Virginia,westje01
33,Kareem Abdul-Jabbar,C,7-2,225,April 16 1947,us,1,UCLA,abdulka01
7,Lucius Allen,PG,6-2,175,September 26 1947,us,1,UCLA,allenlu01
20 35,Bob Boozer,PF,6-8,215,April 26 1937,us,10,Kansas State,boozebo01
19,Dick Cunningham,C,6-10,245,July 11 1946,us,2,Murray State,cunnidi01
10,Bob Dandridge,SF,6-6,195,November 15 1947,us,1,Norfolk State,dandrbo01
17 27,Gary Freeman,SF,6-9,210,July 25 1948,,R,Oregon State,freemga01
18,Bob Greacen,SF,6-7,206,September 15 1947,us,1,Rutgers University,greacbo01
14,Jon McGlocklin,SG,6-5,205,June 10 1943,us,5,Indiana,mcglojo01
35,McCoy McLemore,SF,6-7,230,April 3 1942,us,6,Drake University,mclemmc01
1,Oscar Robertson,PG,6-5,205,November 24 1938,us,10,Cincinnati,roberos01
4,Greg Smith,PF,6-5,195,January 28 1947,us,2,Western Kentucky,smithgr01
8,Jeff Webb,SG,6-4,170,July 6 1948,,R,Kansas State,webbje01
5,Marv Winkler,G,6-1,164,February 18 1948,,R,Louisiana,winklma01
6,Bill Zopf,PG,6-1,170,June 7 1948,,R,Duquesne,zopfbi01
12,Dick Barnett,SG,6-4,190,October 2 1936,us,9,Tennessee State,barnedi01
17,Nate Bowman,C,6-10,230,March 19 1943,us,3,Wichita State,bowmana01
24,Bill Bradley,SF,6-5,205,July 28 1943,us,2,Princeton,bradlbi01
22,Dave DeBusschere,PF,6-6,220,October 16 1940,us,7,Detroit Mercy,debusda01
10,Walt Frazier,PG,6-4,200,March 29 1945,us,2,Southern Illinois,fraziwa01
20,Bill Hosket,PF,6-8,225,December 20 1946,us,1,Ohio State,hoskebi01
5,Don May,SF,6-4,200,January 3 1946,us,1,Dayton,maydo01
19,Willis Reed,C,6-10,235,June 25 1942,us,5,Grambling State University,reedwi01
6,Mike Riordan,SG,6-4,200,July 9 1945,us,1,Providence,riordmi01
33,Cazzie Russell,SF,6-5,218,June 7 1944,us,3,Michigan,russeca01
9,Dave Stallworth,SF,6-7,200,December 20 1941,us,2,Wichita State,stallda01
16,John Warren,SG,6-3,180,July 7 1947,us,R,St. John's,warrejo01
28,Jim Barnes,C,6-8,210,April 13 1941,us,4,Texas-El Paso,barneji01
7,Em Bryant,PG,6-1,175,November 4 1938,us,4,DePaul,bryanem01
12,Don Chaney,SG,6-5,210,March 22 1946,us,R,Houston,chanedo01
11,Mal Graham,PG,6-1,185,February 23 1945,,1,NYU,grahama01
17,John Havlicek,SG,6-5,203,April 8 1940,us,6,Ohio State,havlijo01
18,Bailey Howell,PF,6-7,210,January 20 1937,us,9,Mississippi State,howelba01
26,Rich Johnson,C,6-7,210,December 18 1946,,R,Grambling State University,johnsri01
24,Sam Jones,SG,6-4,198,June 24 1933,us,11,NC Central,jonessa01
19,Don Nelson,SF,6-6,210,May 15 1940,us,6,Iowa,nelsodo01
29,Bud Olsen,PF,6-8,220,July 25 1940,us,6,Louisville,olsenbu01
6,Bill Russell,C,6-10,215,February 12 1934,us,12,San Francisco,russebi01
16,Tom Sanders,SF,6-6,210,November 8 1938,us,8,NYU,sandeto01
20,Larry Siegfried,PG,6-3,190,May 22 1939,us,5,Ohio State,siegfla01
28,Wayne Embry,C,6-8,240,March 26 1937,us,9,Miami University,embrywa01
11,Mal Graham,PG,6-1,185,February 23 1945,,R,NYU,grahama01
17,John Havlicek,SG,6-5,203,April 8 1940,us,5,Ohio State,havlijo01
18,Bailey Howell,PF,6-7,210,January 20 1937,us,8,Mississippi State,howelba01
27,Johnny Jones,SF,6-7,205,March 12 1943,us,R,California State University Los Angeles,jonesjo01
24,Sam Jones,PG,6-4,198,June 24 1933,us,10,NC Central,jonessa01
19,Don Nelson,SF,6-6,210,May 15 1940,us,5,Iowa,nelsodo01
6,Bill Russell,C,6-10,215,February 12 1934,us,11,San Francisco,russebi01
16,Tom Sanders,SF,6-6,210,November 8 1938,us,7,NYU,sandeto01
20,Larry Siegfried,PG,6-3,190,May 22 1939,us,4,Ohio State,siegfla01
12,Tom Thacker,SG,6-2,170,November 2 1939,us,3,Cincinnati,thackto01
26,Rick Weitzman,SG,6-2,175,April 30 1946,,R,Northeastern University,weitzri01
13,Wilt Chamberlain,C,7-1,275,August 21 1936,us,7,Kansas,chambwi01
21,Larry Costello,PG,6-1,186,July 2 1931,us,10,Niagara University,costela01
32,Billy Cunningham,SF,6-6,210,June 3 1943,us,1,UNC,cunnibi01
20,Dave Gambee,SF,6-6,215,April 16 1937,us,8,Oregon State,gambeda01
15,Hal Greer,SG,6-2,175,June 26 1936,us,8,Marshall,greerha01
14,Matt Guokas,SG,6-5,175,February 25 1944,us,R,Saint Joseph's,guokama02
54,Luke Jackson,PF,6-9,240,October 31 1941,us,2,University of Texas Rio Grande Valley,jackslu01
24,Wali Jones,PG,6-2,180,February 14 1942,us,2,Villanova,joneswa02
28,Bill Melchionni,PG,6-1,165,October 19 1944,us,R,Villanova,melchbi01
25,Chet Walker,SF,6-6,212,February 22 1940,us,4,Bradley,walkech01
12,Bob Weiss,PG,6-2,180,May 7 1942,us,1,Penn State,weissbo01
21,Ron Bonham,SG,6-5,192,May 31 1942,us,1,Cincinnati,bonharo01
11,Mel Counts,C,7-0,230,October 16 1941,us,1,Oregon State,countme01
28,Si Green,G-F,6-2,185,August 20 1933,us,8,Duquesne,greensi01
17,John Havlicek,SF,6-5,203,April 8 1940,us,3,Ohio State,havlijo01
25,K.C. Jones,PG,6-1,200,May 25 1932,us,7,San Francisco,joneskc01
24,Sam Jones,SG,6-4,198,June 24 1933,us,8,NC Central,jonessa01
12,Willie Naulls,SF,6-6,225,October 7 1934,us,9,UCLA,naullwi01
19,Don Nelson,SF,6-6,210,May 15 1940,us,3,Iowa,nelsodo01
6,Bill Russell,C,6-10,215,February 12 1934,us,9,San Francisco,russebi01
16,Tom Sanders,PF,6-6,210,November 8 1938,us,5,NYU,sandeto01
18,Woody Sauldsberry,PF,6-7,220,July 11 1934,us,6,Texas Southern,sauldwo01
20,Larry Siegfried,PG,6-3,190,May 22 1939,us,2,Ohio State,siegfla01
5,John Thompson,C,6-10,225,September 2 1941,us,1,Providence,thompjo01
12,Ron Watts,F,6-6,210,May 21 1943,,R,Wake Forest,wattsro01
21,Ron Bonham,SF,6-5,192,May 31 1942,us,R,Cincinnati,bonharo01
11,Mel Counts,C,7-0,230,October 16 1941,us,R,Oregon State,countme01
17,John Havlicek,SG,6-5,203,April 8 1940,us,2,Ohio State,havlijo01
15,Tom Heinsohn,SF,6-7,218,August 26 1934,us,8,Holy Cross,heinsto01
25,K.C. Jones,PG,6-1,200,May 25 1932,us,6,San Francisco,joneskc01
24,Sam Jones,SG,6-4,198,June 24 1933,us,7,NC Central,jonessa01
12,Willie Naulls,SF,6-6,225,October 7 1934,us,8,UCLA,naullwi01
34,Bevo Nordmann,C,6-10,225,December 11 1939,us,3,Saint Louis,nordmbe01
6,Bill Russell,C,6-10,215,February 12 1934,us,8,San Francisco,russebi01
16,Tom Sanders,PF,6-6,210,November 8 1938,us,4,NYU,sandeto01
20,Larry Siegfried,SG,6-3,190,May 22 1939,us,1,Ohio State,siegfla01
18,John Thompson,PF,6-10,225,September 2 1941,us,R,Providence,thompjo01
4,Gerry Ward,SG,6-4,195,September 6 1941,,1,Boston College,wardge01
17,John Havlicek,SF,6-5,203,April 8 1940,us,1,Ohio State,havlijo01
15,Tom Heinsohn,PF,6-7,218,August 26 1934,us,7,Holy Cross,heinsto01
25,K.C. Jones,PG,6-1,200,May 25 1932,us,5,San Francisco,joneskc01
24,Sam Jones,SG,6-4,198,June 24 1933,us,6,NC Central,jonessa01
18,Jim Loscutoff,SF,6-5,220,February 4 1930,us,8,Oregon,loscuji01
34,Clyde Lovellette,C,6-9,234,September 7 1929,us,10,Kansas,lovelcl01
21,Johnny McCarthy,PG,6-1,185,April 25 1934,us,5,Canisius,mccarjo01
12,Willie Naulls,SF,6-6,225,October 7 1934,us,7,UCLA,naullwi01
23,Frank Ramsey,SG,6-3,190,July 13 1931,us,8,Kentucky,ramsefr01
6,Bill Russell,C,6-10,215,February 12 1934,us,7,San Francisco,russebi01
16,Tom Sanders,PF,6-6,210,November 8 1938,us,3,NYU,sandeto01
20,Larry Siegfried,SG,6-3,190,May 22 1939,us,R,Ohio State,siegfla01
14,Bob Cousy,PG,6-1,175,August 9 1928,us,12,Holy Cross,cousybo01
21,Jack Foley,F,6-3,170,April 19 1939,us,R,Holy Cross,foleyja01
20,Gene Guarilia,SF,6-5,220,September 13 1937,us,3,George Washington,guarige01
17,John Havlicek,SF,6-5,203,April 8 1940,us,R,Ohio State,havlijo01
15,Tom Heinsohn,PF,6-7,218,August 26 1934,us,6,Holy Cross,heinsto01
25,K.C. Jones,PG,6-1,200,May 25 1932,us,4,San Francisco,joneskc01
24,Sam Jones,SG,6-4,198,June 24 1933,us,5,NC Central,jonessa01
18,Jim Loscutoff,SF,6-5,220,February 4 1930,us,7,Oregon,loscuji01
4,Clyde Lovellette,C,6-9,234,September 7 1929,us,9,Kansas,lovelcl01
23,Frank Ramsey,SG,6-3,190,July 13 1931,us,7,Kentucky,ramsefr01
6,Bill Russell,C,6-10,215,February 12 1934,us,6,San Francisco,russebi01
16,Tom Sanders,SF,6-6,210,November 8 1938,us,2,NYU,sandeto01
12,Dan Swartz,SF,6-4,215,December 23 1934,us,R,Morehead State University,swartda01
4,Carl Braun,PG,6-5,180,September 25 1927,us,12,Colgate,braunca01
22,Al Butler,PG,6-2,175,July 9 1938,us,R,Niagara University,butleal01
14,Bob Cousy,PG,6-1,175,August 9 1928,us,11,Holy Cross,cousybo01
20,Gene Guarilia,SF,6-5,220,September 13 1937,us,2,George Washington,guarige01
15,Tom Heinsohn,PF,6-7,218,August 26 1934,us,5,Holy Cross,heinsto01
25,K.C. Jones,PG,6-1,200,May 25 1932,us,3,San Francisco,joneskc01
24,Sam Jones,SG,6-4,198,June 24 1933,us,4,NC Central,jonessa01
18,Jim Loscutoff,SF,6-5,220,February 4 1930,us,6,Oregon,loscuji01
21,Gary Phillips,PG,6-3,189,December 7 1939,us,R,Houston,phillga01
23,Frank Ramsey,SG,6-3,190,July 13 1931,us,6,Kentucky,ramsefr01
6,Bill Russell,C,6-10,215,February 12 1934,us,5,San Francisco,russebi01
16,Tom Sanders,SF,6-6,210,November 8 1938,us,1,NYU,sandeto01
17,Gene Conley,PF,6-8,225,November 10 1930,us,3,Washington State,conlege01
14,Bob Cousy,PG,6-1,175,August 9 1928,us,10,Holy Cross,cousybo01
20,Gene Guarilia,SF,6-5,220,September 13 1937,us,1,George Washington,guarige01
15,Tom Heinsohn,PF,6-7,218,August 26 1934,us,4,Holy Cross,heinsto01
25,K.C. Jones,PG,6-1,200,May 25 1932,us,2,San Francisco,joneskc01
24,Sam Jones,SG,6-4,198,June 24 1933,us,3,NC Central,jonessa01
18,Jim Loscutoff,SF,6-5,220,February 4 1930,us,5,Oregon,loscuji01
23,Frank Ramsey,SG,6-3,190,July 13 1931,us,5,Kentucky,ramsefr01
6,Bill Russell,C,6-10,215,February 12 1934,us,4,San Francisco,russebi01
16,Tom Sanders,SF,6-6,210,November 8 1938,us,R,NYU,sandeto01
21,Bill Sharman,SG,6-1,175,May 25 1926,us,10,USC,sharmbi01
17,Gene Conley,PF,6-8,225,November 10 1930,us,2,Washington State,conlege01
14,Bob Cousy,PG,6-1,175,August 9 1928,us,9,Holy Cross,cousybo01
20,Gene Guarilia,SF,6-5,220,September 13 1937,us,R,George Washington,guarige01
15 20,Tom Heinsohn,PF,6-7,218,August 26 1934,us,3,Holy Cross,heinsto01
25,K.C. Jones,PG,6-1,200,May 25 1932,us,1,San Francisco,joneskc01
24,Sam Jones,SF,6-4,198,June 24 1933,us,2,NC Central,jonessa01
19,Maurice King,PG,6-2,195,March 12 1935,us,R,Kansas,kingma01
18,Jim Loscutoff,SF,6-5,220,February 4 1930,us,4,Oregon,loscuji01
23,Frank Ramsey,SG,6-3,190,July 13 1931,us,4,Kentucky,ramsefr01
16,John Richter,C,6-9,225,March 12 1937,us,R,NC State,richtjo01
6,Bill Russell,C,6-10,215,February 12 1934,us,3,San Francisco,russebi01
21,Bill Sharman,SG,6-1,175,May 25 1926,us,9,USC,sharmbi01
17,Gene Conley,PF,6-8,225,November 10 1930,us,1,Washington State,conlege01
14,Bob Cousy,PG,6-1,175,August 9 1928,us,8,Holy Cross,cousybo01
15,Tom Heinsohn,PF,6-7,218,August 26 1934,us,2,Holy Cross,heinsto01
25 27,K.C. Jones,PG,6-1,200,May 25 1932,us,R,San Francisco,joneskc01
24,Sam Jones,SF,6-4,198,June 24 1933,us,1,NC Central,jonessa01
18,Jim Loscutoff,SF,6-5,220,February 4 1930,us,3,Oregon,loscuji01
23,Frank Ramsey,SG,6-3,190,July 13 1931,us,3,Kentucky,ramsefr01
6,Bill Russell,C,6-10,215,February 12 1934,us,2,San Francisco,russebi01
21,Bill Sharman,SG,6-1,175,May 25 1926,us,8,USC,sharmbi01
16,Bennie Swain,PF,6-8,220,December 16 1933,,R,Texas Southern,swainbe01
20,Lou Tsioropoulos,SF,6-5,190,August 31 1930,us,2,Kentucky,tsiorlo01
11,Jack Coleman,PF,6-7,195,May 23 1924,us,8,Louisville,colemja01
12,Walt Davis,PF,6-8,205,January 5 1931,us,4,Texas A&M,daviswa01
16,Cliff Hagan,SF,6-4,210,December 9 1931,us,1,Kentucky,hagancl01
20,Ed Macauley,C,6-8,185,March 22 1928,us,8,Saint Louis,macaued01
22,Slater Martin,PG,5-10,170,October 22 1925,us,8,Texas,martisl01
21,Jack McMahon,SG,6-1,185,December 3 1928,us,5,St. John's,mcmahja01
12,Red Morrison,C,6-8,220,April 26 1932,us,2,Idaho,morrire01
17,Med Park,SG,6-2,205,April 11 1933,us,2,Missouri,parkme01
17,Worthy Patterson,G,6-2,175,June 17 1931,us,R,UConn,pattewo01
9,Bob Pettit,PF,6-9,205,December 12 1932,us,3,LSU,pettibo01
19,Frank Selvy,G-F,6-3,180,November 9 1932,us,2,Furman University,selvyfr01
13,Chuck Share,C,6-11,235,March 14 1927,us,6,Bowling Green,sharech01
15,Win Wilfong,PG,6-2,185,March 18 1933,us,R,Memphis,wilfowi01
14,Bob Cousy,PG,6-1,175,August 9 1928,us,6,Holy Cross,cousybo01
15,Tom Heinsohn,PF,6-7,218,August 26 1934,us,R,Holy Cross,heinsto01
20,Dick Hemric,PF,6-6,220,August 29 1933,us,1,Wake Forest,hemridi01
18,Jim Loscutoff,SF,6-5,220,February 4 1930,us,1,Oregon,loscuji01
16,Jack Nichols,PF,6-7,222,April 9 1926,,7,Washington,nichoja01
12,Togo Palazzi,SF,6-4,205,August 8 1932,us,2,Holy Cross,palazto01
17,Andy Phillip,PG,6-2,195,March 7 1922,us,9,Illinois,phillan01
23,Frank Ramsey,SG,6-3,190,July 13 1931,us,1,Kentucky,ramsefr01
19,Arnie Risen,C,6-9,200,October 9 1924,us,8,Ohio State,risenar01
6,Bill Russell,C,6-10,215,February 12 1934,us,R,San Francisco,russebi01
21,Bill Sharman,SG,6-1,175,May 25 1926,us,6,USC,sharmbi01
29,Lou Tsioropoulos,SF,6-5,190,August 31 1930,us,R,Kentucky,tsiorlo01
11,Paul Arizin,SF,6-4,190,April 9 1928,us,3,Villanova,arizipa01
7,Ernie Beck,SG,6-4,190,December 11 1931,us,1,Penn,becker01
12,Walt Davis,PF,6-8,205,January 5 1931,us,2,Texas A&M,daviswa01
5,George Dempsey,PG,6-2,190,July 19 1929,us,1,King's College,dempsge01
17,Jack George,PG,6-2,190,November 13 1928,us,2,La Salle,georgja01
15,Tom Gola,SG,6-6,205,January 13 1933,us,R,La Salle,golato01
9,Joe Graboski,PF,6-7,195,January 15 1930,,6,,grabojo01
4,Larry Hennessy,SG,6-3,185,May 20 1929,us,R,Villanova,hennela01
6,Neil Johnston,C,6-8,210,February 4 1929,us,4,Ohio State,johnsne01
14,Jackie Moore,SF,6-5,180,September 24 1932,us,1,La Salle,mooreja01
7 25,Bob Schafer,SG,6-3,195,March 29 1933,us,R,Villanova,schafbo01
12 14,Dick Farley,SG,6-4,190,April 13 1932,,R,Indiana,farledi01
7,Bill Gabor,SG,5-11,170,May 13 1922,us,5,Syracuse,gaborbi01
15,Billy Kenville,SG,6-2,187,December 1 1930,us,1,St. Bonaventure,kenvibi01
10,Red Kerr,C,6-9,230,July 17 1932,us,R,Illinois,kerrre01
3,George King,PG,6-0,175,August 16 1928,us,3,University of Charleston,kingge01
11,Earl Lloyd,SF,6-5,200,April 3 1928,us,3,West Virginia State University,lloydea01
,Jackie Moore,SF,6-5,180,September 24 1932,us,R,La Salle,mooreja01
8,Wally Osterkorn,SF,6-5,215,July 6 1928,us,3,Illinois,osterwa01
16,Red Rocha,C,6-9,185,September 18 1923,us,6,Oregon State,rochare01
4,Dolph Schayes,PF,6-8,220,May 19 1928,us,5,NYU,schaydo01
5,Paul Seymour,SG,6-1,180,January 30 1928,us,6,Toledo,seymopa01
6,Connie Simmons,C,6-8,222,March 15 1925,us,8,,simmoco01
14,Jim Tucker,PF,6-7,185,December 11 1932,us,R,Duquesne,tuckeji01
,Jim Fritsche,PF,6-8,210,December 10 1931,us,R,Hamline University,fritsji01
16,Bob Harrison,G,6-1,190,August 12 1927,us,4,Michigan,harribo02
12,Jim Holstein,SF,6-3,180,September 24 1930,us,1,Cincinnati,holstji01
34 89,Clyde Lovellette,C,6-9,234,September 7 1929,us,R,Kansas,lovelcl01
22,Slater Martin,PG,5-10,170,October 22 1925,us,4,Texas,martisl01
99,George Mikan,C,6-10,245,June 18 1924,us,5,DePaul,mikange01
19,Vern Mikkelsen,PF,6-7,230,October 21 1928,us,4,Hamline University,mikkeve01
17,Jim Pollard,SF,6-4,185,July 9 1922,us,5,Stanford,pollaji01
18,Pep Saul,SG,6-2,185,February 16 1924,us,4,Seton Hall,saulpe01
15 24,Dick Schnittker,SF,6-5,200,May 27 1928,us,2,Ohio State,schnidi01
20,Whitey Skoog,SG,5-11,180,November 2 1926,us,2,Minnesota,skoogwh01
16,Bob Harrison,SG,6-1,190,August 12 1927,us,3,Michigan,harribo02
11,Lew Hitch,PF,6-8,200,July 16 1929,us,1,Kansas State,hitchle01
12 13,Jim Holstein,SF,6-3,180,September 24 1930,us,R,Cincinnati,holstji01
22,Slater Martin,PG,5-10,170,October 22 1925,us,3,Texas,martisl01
99,George Mikan,C,6-10,245,June 18 1924,us,4,DePaul,mikange01
19,Vern Mikkelsen,PF,6-7,230,October 21 1928,us,3,Hamline University,mikkeve01
17,Jim Pollard,SF,6-4,185,July 9 1922,us,4,Stanford,pollaji01
18,Pep Saul,SG,6-2,185,February 16 1924,us,3,Seton Hall,saulpe01
,Dick Schnittker,F,6-5,200,May 27 1928,us,1,Ohio State,schnidi01
15,Howie Schultz,PF,6-6,200,July 3 1922,us,2,Hamline University,schulho01
20,Whitey Skoog,SG,5-11,180,November 2 1926,us,1,Minnesota,skoogwh01
16,Bob Harrison,SG,6-1,190,August 12 1927,us,2,Michigan,harribo02
11,Lew Hitch,PF,6-8,200,July 16 1929,us,R,Kansas State,hitchle01
4 15,Joe Hutton,SG,6-1,170,October 6 1928,us,1,Hamline University,huttojo01
22,Slater Martin,PG,5-10,170,October 22 1925,us,2,Texas,martisl01
99,George Mikan,C,6-10,245,June 18 1924,us,3,DePaul,mikange01
19,Vern Mikkelsen,PF,6-7,230,October 21 1928,us,2,Hamline University,mikkeve01
18,John Pilch,F,6-3,185,July 11 1925,us,R,Wyoming,pilchjo01
17,Jim Pollard,SF,6-4,185,July 9 1922,us,3,Stanford,pollaji01
18,Pep Saul,SG,6-2,185,February 16 1924,us,2,Seton Hall,saulpe01
12,Howie Schultz,PF,6-6,200,July 3 1922,us,1,Hamline University,schulho01
20,Whitey Skoog,SG,5-11,180,November 2 1926,us,R,Minnesota,skoogwh01
19,Bill Calhoun,SG,6-3,180,November 4 1927,us,2,City College of San Francisco,calhobi01
10,Jack Coleman,PF,6-7,195,May 23 1924,us,1,Louisville,colemja01
11,Bob Davies,PG,6-1,175,January 15 1920,us,2,Seton Hall,daviebo01
16,Red Holzman,PG,5-10,175,August 10 1920,us,2,City College of New York,holzmre01
12,Arnie Johnson,SF,6-5,236,May 16 1920,us,2,Bemidji State University,johnsar01
20,Joe McNamee,SF,6-6,210,September 24 1926,us,R,San Francisco,mcnamjo01
18,Ed Mikan,C,6-8,230,October 20 1925,us,2,DePaul,mikaned01
07 15,Paul Noel,F,6-4,185,August 17 1924,us,3,Kentucky,noelpa01
14,Arnie Risen,C,6-9,200,October 9 1924,us,2,Ohio State,risenar01
03,Pep Saul,SG,6-2,185,February 16 1924,us,1,Seton Hall,saulpe01
09,Bobby Wanzer,G,6-0,170,June 4 1921,us,2,Seton Hall,wanzebo01
15,Don Carlson,G-F,6-0,170,March 22 1919,us,2,Minnesota,carlsdo01
18,Arnie Ferrin,F-G,6-2,180,July 29 1925,us,1,Utah,ferriar01
20,Normie Glick,F,6-7,190,November 10 1927,us,R,Loyola Marymount,glickno01
14 20,Bud Grant,F,6-3,195,May 20 1927,us,R,Minnesota,grantbu01
16,Bob Harrison,G,6-1,190,August 12 1927,us,R,Michigan,harribo02
11,Billy Hassett,G,5-11,180,October 21 1921,us,R,Notre Dame,hassebi01
13,Tony Jaros,F-G,6-3,185,February 22 1920,us,2,Minnesota,jarosto01
22,Slater Martin,PG,5-10,170,October 22 1925,us,R,Texas,martisl01
99,George Mikan,C,6-10,245,June 18 1924,us,1,DePaul,mikange01
19,Vern Mikkelsen,PF,6-7,230,October 21 1928,us,R,Hamline University,mikkeve01
17,Jim Pollard,SF,6-4,185,July 9 1922,us,1,Stanford,pollaji01
10,Herm Schaefer,G-F,6-0,175,December 20 1918,us,1,Indiana,schaehe01
12,Gene Stump,F-G,6-2,185,November 13 1923,,2,DePaul,stumpge01
14,Paul Walther,SG,6-2,160,March 23 1927,us,R,Tennessee,walthpa01
11,Mike Bloom,F-C,6-6,190,January 14 1915,us,1,Temple,bloommi01
15,Don Carlson,G-F,6-0,170,March 22 1919,us,1,Minnesota,carlsdo01
19,Jack Dwan,F-G,6-4,200,May 3 1921,us,R,Loyola Chicago,dwanja01
18,Ray Ellefson,C,6-8,230,November 18 1922,us,R,West Texas A&M University,ellefra01
18,Arnie Ferrin,F-G,6-2,180,July 29 1925,us,R,Utah,ferriar01
22,Donnie Forman,G,5-10,175,January 17 1926,us,R,NYU,formado01
14,Earl Gardner,F,6-3,195,September 18 1923,,R,DePauw University,gardnea01
13,Tony Jaros,F-G,6-3,185,February 22 1920,us,1,Minnesota,jarosto01
16,Johnny Jorgensen,G-F,6-2,185,December 28 1921,us,1,DePaul,jorgejo01
20,Whitey Kachan,G,6-2,175,September 15 1925,us,R,DePaul,kachawh01
99,George Mikan,C,6-10,245,June 18 1924,us,R,DePaul,mikange01
17,Jim Pollard,SF,6-4,185,July 9 1922,us,R,Stanford,pollaji01
24,Herm Schaefer,G-F,6-0,175,December 20 1918,us,R,Indiana,schaehe01
12,Don Smith,G-F,6-2,190,July 27 1920,us,R,Minnesota,smithdo01
19,Jack Tingle,F,6-4,205,December 30 1924,us,1,Kentucky,tinglja01
31,John Abramovic,F,6-3,195,February 9 1919,us,1,Salem University,abramjo01
28,Mike Bloom,F-C,6-6,190,January 14 1915,us,R,Temple,bloommi01
23,Herm Fuetsch,G,6-0,170,July 6 1918,,R,,fuetshe01
30,Elmer Gainer,F-C,6-6,195,November 22 1918,us,R,DePaul,gaineel01
29,Kleggie Hermsen,C-F,6-9,225,March 12 1923,us,1,Minnesota,hermskl01
32,Paul Hoffman,G-F,6-2,195,April 12 1925,,R,Purdue,hoffmpa01
26,Buddy Jeannette,G,5-11,175,September 15 1917,us,R,Washington & Jefferson College,jeannbu01
,Johnny Jorgensen,G-F,6-2,185,December 28 1921,us,R,DePaul,jorgejo01
20,Herm Klotz,G,5-7,150,October 21 1921,us,R,Villanova,klotzhe01
35,Grady Lewis,F-C,6-7,215,March 25 1917,us,1,Oklahoma,lewisgr01
33,Chet McNabb,F,6-2,200,September 19 1920,,R,Arizona State,mcnabch01
31,Carl Meinhold,G-F,6-2,185,March 29 1926,us,R,Long Island University,meinhca01
27,Chick Reiser,G-F,5-11,165,December 17 1914,us,R,NYU,reisech01
35,Irv Rothenberg,C,6-7,215,December 31 1921,us,1,Long Island University,rotheir01
,Jerry Rullo,G,5-10,165,June 23 1923,us,1,Temple,rulloje01
21,Dick Schulz,F-G,6-2,192,January 3 1917,us,1,Wisconsin,schuldi01
24,Paul Seymour,G-F,6-1,180,January 30 1928,us,R,Toledo,seymopa01
33,Connie Simmons,C-F,6-8,222,March 15 1925,us,1,,simmoco01
12,Howie Dallmar,F,6-4,200,May 24 1922,us,R,Stanford,dallmho01
6,Jerry Fleishman,SG,6-2,190,February 14 1922,us,R,NYU,fleisje01
10,Joe Fulks,PF,6-5,190,October 26 1921,us,R,Murray State,fulksjo01
14,Matt Guokas,F,6-3,195,November 11 1915,us,R,Saint Joseph's,guokama01
18,Art Hillhouse,C,6-7,220,June 12 1916,us,R,Long Island University,hillhar01
9,Ralph Kaplowitz,G-F,6-2,170,May 18 1919,us,R,NYU,kaplora01
9,John Murphy,F,6-2,175,September 13 1924,us,R,,murphjo01
5,Angelo Musi,G,5-9,145,July 25 1918,us,R,Temple,musian01
15,Petey Rosenberg,G,5-10,165,April 7 1918,us,R,Saint Joseph's,rosenpe01
7,Jerry Rullo,G,5-10,165,June 23 1923,us,R,Temple,rulloje01
8,George Senesky,PG,6-2,179,April 4 1922,us,R,Saint Joseph's,senesge01
4,Fred Sheffield,F,6-2,165,November 5 1923,us,R,Utah,shefffr01
